age,workclass,fnlwgt,education,education-num,marital-status,occupation,relationship,race,sex,capital-gain,capital-loss,hours-per-week,native-country
39,6,77516,1,13,3,9,4,1,2,2174,0,40,1
50,2,83311,1,13,1,5,3,1,2,0,0,13,1
38,1,215646,4,9,2,7,4,1,2,0,0,40,1
53,1,234721,3,7,1,7,3,5,2,0,0,40,1
28,1,338409,1,13,1,6,1,5,1,0,0,40,13
37,1,284582,11,14,1,5,1,1,1,0,0,40,1
49,1,160187,8,5,6,3,4,5,1,0,0,16,19
52,2,209642,4,9,1,5,3,1,2,0,0,45,1
31,1,45781,11,14,3,6,4,1,1,14084,0,50,1
42,1,159449,1,13,1,5,3,1,2,5178,0,40,1
37,1,280464,2,10,1,5,3,5,2,0,0,80,1
30,6,141297,1,13,1,6,3,2,2,0,0,40,8
23,1,122272,1,13,3,9,2,1,1,0,0,30,1
32,1,205019,6,12,3,4,4,5,2,0,0,50,1
40,1,121772,7,11,1,2,3,2,2,0,0,40,0
34,1,245487,9,4,1,11,3,3,2,0,0,45,21
25,2,176756,4,9,3,10,2,1,2,0,0,35,1
32,1,186824,4,9,3,8,6,1,2,0,0,40,1
38,1,28887,3,7,1,4,3,1,2,0,0,50,1
43,2,292175,11,14,2,5,6,1,1,0,0,45,1
40,1,193524,14,16,1,6,3,1,2,0,0,60,1
54,1,302146,4,9,4,3,6,5,1,0,0,20,1
35,4,76845,8,5,1,10,3,5,2,0,0,40,1
43,1,117037,3,7,1,11,3,1,2,0,2042,40,1
59,1,109015,4,9,2,1,6,1,1,0,0,40,1
56,5,216851,1,13,1,1,3,1,2,0,0,40,1
19,1,168294,4,9,3,2,2,1,2,0,0,40,1
54,0,180211,2,10,1,0,3,2,2,0,0,60,11
39,1,367260,4,9,2,5,4,1,2,0,0,80,1
49,1,193366,4,9,1,2,3,1,2,0,0,40,1
23,5,190709,6,12,3,13,4,1,2,0,0,52,1
20,1,266015,2,10,3,4,2,5,2,0,0,44,1
45,1,386940,1,13,2,5,2,1,2,0,1408,40,1
30,4,59951,2,10,1,9,2,1,2,0,0,40,1
22,6,311512,2,10,1,3,3,5,2,0,0,15,1
48,1,242406,3,7,3,8,6,1,2,0,0,40,4
21,1,197200,2,10,3,8,2,1,2,0,0,40,1
19,1,544091,4,9,7,9,1,1,1,0,0,25,1
31,1,84154,2,10,1,4,3,1,2,0,0,38,0
48,2,265477,6,12,1,6,3,1,2,0,0,40,1
31,1,507875,8,5,1,8,3,1,2,0,0,43,1
53,2,88506,1,13,1,6,3,1,2,0,0,40,1
24,1,172987,1,13,1,1,3,1,2,0,0,50,1
49,1,94638,4,9,4,9,6,1,1,0,0,40,1
25,1,289980,4,9,3,7,4,1,2,0,0,35,1
57,4,337895,1,13,1,6,3,5,2,0,0,40,1
53,1,144361,4,9,1,8,3,1,2,0,0,38,1
44,1,128354,11,14,2,5,6,1,1,0,0,40,1
41,6,101603,7,11,1,2,3,1,2,0,0,40,1
29,1,271466,7,11,3,6,4,1,2,0,0,43,1
25,1,32275,2,10,1,5,1,4,1,0,0,40,1
18,1,226956,4,9,3,3,2,1,1,0,0,30,0
47,1,51835,5,15,1,6,1,1,1,0,1902,60,15
50,4,251585,1,13,2,5,4,1,2,0,0,55,1
47,3,109832,4,9,2,5,4,1,2,0,0,60,1
43,1,237993,2,10,1,1,3,1,2,0,0,40,1
46,1,216666,15,3,1,8,3,1,2,0,0,40,21
35,1,56352,7,11,1,3,3,1,2,0,0,40,4
41,1,147372,4,9,1,9,3,1,2,0,0,48,1
30,1,188146,4,9,1,8,3,1,2,5013,0,40,1
30,1,59496,1,13,1,4,3,1,2,2407,0,40,1
32,0,293936,9,4,6,0,4,1,2,0,0,40,0
48,1,149640,4,9,1,11,3,1,2,0,0,40,1
42,1,116632,14,16,1,6,3,1,2,0,0,45,1
29,1,105598,2,10,2,1,4,1,2,0,0,58,1
36,1,155537,4,9,1,2,3,1,2,0,0,40,1
28,1,183175,2,10,2,9,4,1,1,0,0,40,1
53,1,169846,4,9,1,9,1,1,1,0,0,40,1
49,3,191681,2,10,1,5,3,1,2,0,0,50,1
25,0,200681,2,10,3,0,2,1,2,0,0,40,1
19,1,101509,2,10,3,6,2,1,2,0,0,32,1
31,1,309974,1,13,4,4,2,5,1,0,0,40,1
29,2,162298,1,13,1,4,3,1,2,0,0,70,1
23,1,211678,2,10,3,8,4,1,2,0,0,40,1
79,1,124744,2,10,1,6,5,1,2,0,0,20,1
27,1,213921,4,9,3,3,2,1,2,0,0,40,21
40,1,32214,6,12,1,9,3,1,2,0,0,40,1
67,0,212759,13,6,1,0,3,1,2,0,0,2,1
18,1,309634,3,7,3,3,2,1,1,0,0,22,1
31,5,125927,9,4,1,10,3,1,2,0,0,40,1
18,1,446839,4,9,3,4,4,1,2,0,0,30,1
52,1,276515,1,13,1,3,3,1,2,0,0,40,13
46,1,51618,4,9,1,3,1,1,1,0,0,40,1
59,1,159937,4,9,1,4,3,1,2,0,0,48,1
44,1,343591,4,9,2,2,4,1,1,14344,0,40,1
53,1,346253,4,9,2,4,2,1,1,0,0,35,1
49,5,268234,4,9,1,13,3,1,2,0,0,40,1
33,1,202051,11,14,1,6,3,1,2,0,0,50,1
30,1,54334,8,5,3,4,4,1,2,0,0,40,1
43,4,410867,14,16,3,6,4,1,1,0,0,50,1
57,1,249977,7,11,1,6,3,1,2,0,0,40,1
37,1,286730,2,10,2,2,6,1,1,0,0,40,1
28,1,212563,2,10,2,8,6,5,1,0,0,25,1
30,1,117747,4,9,1,4,1,2,1,0,1573,35,0
34,5,226296,1,13,1,13,3,1,2,0,0,40,1
29,5,115585,2,10,3,7,4,1,2,0,0,50,1
48,2,191277,14,16,1,6,3,1,2,0,1902,60,1
37,1,202683,2,10,1,4,3,1,2,0,0,48,1
48,1,171095,6,12,2,5,6,1,1,0,0,40,3
32,4,249409,4,9,3,3,2,5,2,0,0,40,1
76,1,124191,11,14,1,5,3,1,2,0,0,40,1
44,1,198282,1,13,1,5,3,1,2,15024,0,60,1
47,2,149116,11,14,3,6,4,1,1,0,0,50,1
20,1,188300,2,10,3,1,2,1,1,0,0,40,1
29,1,103432,4,9,3,2,4,1,2,0,0,40,1
32,3,317660,4,9,1,2,3,1,2,7688,0,40,1
17,0,304873,13,6,3,0,2,1,1,34095,0,32,1
30,1,194901,3,7,3,7,2,1,2,0,0,40,1
31,5,189265,4,9,3,9,4,1,1,0,0,40,1
42,1,124692,4,9,1,7,3,1,2,0,0,40,1
24,1,432376,1,13,3,4,5,1,2,0,0,40,1
38,1,65324,5,15,1,6,3,1,2,0,0,40,1
56,2,335605,4,9,1,3,3,1,2,0,1887,50,5
28,1,377869,2,10,1,4,1,1,1,4064,0,25,1
36,1,102864,4,9,3,8,2,1,1,0,0,40,1
53,1,95647,8,5,1,7,3,1,2,0,0,50,1
56,3,303090,2,10,1,4,3,1,2,0,0,50,1
49,5,197371,7,11,1,2,3,5,2,0,0,40,1
55,1,247552,2,10,1,4,3,1,2,0,0,56,1
22,1,102632,4,9,3,2,4,1,2,0,0,41,1
21,1,199915,2,10,3,3,2,1,1,0,0,40,1
40,1,118853,1,13,1,5,3,1,2,0,0,60,1
30,1,77143,1,13,3,5,2,5,2,0,0,40,6
29,6,267989,1,13,1,6,3,1,2,0,0,50,1
19,1,301606,2,10,3,3,2,5,2,0,0,35,1
47,1,287828,1,13,1,5,1,1,1,0,0,40,1
20,1,111697,2,10,3,9,2,1,1,0,1719,28,1
31,1,114937,6,12,1,9,3,1,2,0,0,40,1
35,0,129305,4,9,1,0,3,1,2,0,0,40,1
39,1,365739,2,10,2,2,4,1,2,0,0,40,1
28,1,69621,6,12,3,4,4,1,1,0,0,60,1
24,1,43323,4,9,3,3,4,1,1,0,1762,40,1
38,2,120985,4,9,1,2,3,1,2,4386,0,35,1
37,1,254202,1,13,1,4,3,1,2,0,0,50,1
46,1,146195,6,12,2,1,4,5,1,0,0,36,1
38,4,125933,11,14,1,6,3,1,2,0,0,40,14
43,2,56920,4,9,1,2,3,1,2,0,0,60,1
27,1,163127,7,11,1,9,1,1,1,0,0,35,1
20,1,34310,2,10,3,4,2,1,2,0,0,20,1
49,1,81973,2,10,1,2,3,2,2,0,0,40,1
61,3,66614,4,9,1,2,3,1,2,0,0,40,1
27,1,232782,2,10,3,4,2,1,1,0,0,40,1
19,1,316868,2,10,3,3,2,1,2,0,0,30,21
45,1,196584,7,11,3,6,4,1,1,0,1564,40,1
70,1,105376,2,10,3,1,5,1,2,0,0,40,1
31,1,185814,4,9,3,11,6,5,1,0,0,30,1
22,1,175374,2,10,1,3,3,1,2,0,0,24,1
36,1,108293,4,9,4,3,6,1,1,0,0,24,1
64,1,181232,3,7,1,2,3,1,2,0,2179,40,1
43,0,174662,2,10,2,0,4,1,1,0,0,40,1
47,5,186009,2,10,2,9,6,1,1,0,0,38,21
34,1,198183,4,9,3,9,4,1,1,0,0,40,1
33,1,163003,1,13,3,5,5,2,1,0,0,40,16
21,1,296158,4,9,3,2,2,1,2,0,0,35,1
52,0,252903,4,9,2,0,4,1,2,0,0,45,1
48,1,187715,4,9,1,2,3,1,2,0,0,46,1
23,1,214542,1,13,3,7,4,1,2,0,0,40,1
71,2,494223,2,10,4,4,6,5,2,0,1816,2,1
29,1,191535,4,9,2,2,4,1,2,0,0,60,1
42,1,228456,1,13,4,3,5,5,2,0,0,50,1
68,0,38317,12,2,2,0,4,1,1,0,0,20,1
25,1,252752,4,9,3,3,6,1,1,0,0,40,1
44,3,78374,11,14,2,5,6,2,1,0,0,40,1
28,1,88419,4,9,3,5,4,2,1,0,0,40,3
45,2,201080,11,14,1,4,3,1,2,0,0,40,1
36,1,207157,2,10,2,3,6,1,1,0,0,40,21
39,4,235485,6,12,3,5,4,1,2,0,0,42,1
46,6,102628,11,14,4,13,6,1,2,0,0,40,1
18,1,25828,3,7,3,7,2,1,2,0,0,16,1
66,5,54826,7,11,4,6,4,1,1,0,0,20,1
27,1,124953,4,9,3,3,4,1,2,0,1980,40,1
28,6,175325,4,9,1,13,3,1,2,0,0,40,1
51,1,96062,2,10,1,4,3,1,2,0,1977,40,1
27,1,428030,1,13,3,2,4,1,2,0,0,50,1
28,6,149624,1,13,1,6,3,1,2,0,0,40,1
27,1,253814,4,9,6,4,6,1,1,0,0,25,1
21,1,312956,4,9,3,2,2,5,2,0,0,40,1
34,1,483777,4,9,3,7,4,5,2,0,0,40,1
18,1,183930,4,9,3,3,2,1,2,0,0,12,1
33,1,37274,1,13,1,6,3,1,2,0,0,65,1
44,5,181344,2,10,1,5,3,5,2,0,0,38,1
43,1,114580,2,10,2,9,4,1,1,0,0,40,1
30,1,633742,2,10,3,2,4,5,2,0,0,45,1
40,1,286370,9,4,1,8,3,1,2,0,0,40,21
37,4,29054,2,10,1,9,3,1,2,0,0,42,1
34,1,304030,4,9,1,9,3,5,2,0,0,40,1
41,2,143129,1,13,2,5,4,1,1,0,0,40,1
53,0,135105,1,13,2,0,4,1,1,0,0,50,1
31,1,99928,11,14,1,6,1,1,1,0,0,50,1
58,6,109567,14,16,1,6,3,1,2,0,0,1,1
38,1,155222,2,10,2,8,4,5,1,0,0,28,1
24,1,159567,2,10,1,8,3,1,2,0,0,40,1
41,5,523910,1,13,1,2,3,5,2,0,0,40,1
47,1,120939,2,10,1,1,3,1,2,0,0,45,1
41,4,130760,1,13,1,1,3,1,2,0,0,24,1
23,1,197387,15,3,1,11,5,1,2,0,0,40,21
36,1,99374,2,10,2,2,4,1,2,0,0,40,1
40,4,56795,11,14,3,5,4,1,1,14084,0,55,1
35,1,138992,11,14,1,6,5,1,2,7298,0,40,1
24,2,32921,4,9,3,4,4,1,2,0,0,40,1
26,1,397317,11,14,3,6,4,1,1,0,1876,40,1
19,0,170653,4,9,3,0,2,1,2,0,0,40,17
51,1,259323,1,13,1,5,3,1,2,0,0,50,1
42,5,254817,2,10,3,6,4,1,1,0,1340,40,1
37,6,48211,4,9,2,9,6,1,1,0,0,35,1
18,1,140164,3,7,3,4,2,1,1,0,0,40,1
36,1,128757,1,13,1,3,3,5,2,7298,0,36,1
35,1,36270,4,9,2,2,4,1,2,0,0,60,1
58,3,210563,4,9,1,4,1,1,1,15024,0,35,1
17,1,65368,3,7,3,4,2,1,1,0,0,12,1
44,5,160943,4,9,1,11,3,5,2,0,0,40,1
37,1,208358,4,9,1,2,3,1,2,0,0,40,1
35,1,153790,2,10,3,4,4,3,1,0,0,40,1
60,1,85815,4,9,1,2,3,2,2,0,0,40,1
54,3,125417,9,4,1,8,3,1,2,0,0,40,1
37,1,635913,1,13,3,5,4,5,2,0,0,60,1
50,1,313321,6,12,2,4,4,1,1,0,0,40,1
38,1,182609,1,13,1,4,3,1,2,0,0,50,18
45,1,109434,1,13,1,6,3,1,2,0,0,55,1
25,1,255004,13,6,3,2,4,1,2,0,0,40,1
31,1,197860,2,10,1,7,3,1,2,0,0,40,1
64,0,187656,12,2,2,0,4,1,2,0,0,40,1
90,1,51744,4,9,3,3,4,5,2,0,2206,40,1
54,1,176681,4,9,1,9,3,5,2,0,0,20,1
53,5,140359,16,1,3,8,4,1,1,0,0,35,1
18,1,243313,4,9,3,4,2,1,1,0,0,40,1
60,0,24215,13,6,2,0,4,3,1,0,0,10,1
66,2,167687,4,9,1,10,3,1,2,1409,0,50,1
75,1,314209,7,11,4,9,4,1,1,0,0,20,29
65,1,176796,4,9,2,9,4,1,1,0,0,40,1
35,1,538583,3,7,4,11,4,5,2,3674,0,40,1
41,1,130408,4,9,2,4,6,5,1,0,0,38,1
25,1,159732,2,10,3,9,4,1,2,0,0,42,1
33,1,110978,2,10,2,2,5,4,1,0,0,40,1
28,1,76714,5,15,3,6,4,1,2,0,0,55,1
59,6,268700,4,9,1,3,3,1,2,0,0,40,1
40,6,170525,2,10,3,9,4,1,1,0,0,38,1
41,1,180138,1,13,1,5,3,1,2,0,0,50,14
38,5,115076,11,14,1,5,3,1,2,0,0,70,1
23,1,115458,4,9,3,11,2,1,2,0,0,40,1
40,1,347890,1,13,1,6,3,1,2,0,0,40,1
41,2,196001,4,9,1,3,1,1,1,0,0,20,1
24,6,273905,6,12,1,13,3,1,2,0,0,50,1
20,0,119156,2,10,3,0,2,1,2,0,0,20,1
38,1,179488,2,10,2,2,4,1,2,0,1741,40,1
56,1,203580,4,9,1,9,3,1,2,0,0,35,0
58,1,236596,4,9,1,9,3,1,2,0,0,45,1
32,1,183916,4,9,3,3,4,1,1,0,0,34,1
40,1,207578,6,12,1,1,3,1,2,0,1977,60,1
45,1,153141,4,9,1,9,3,1,2,0,0,40,0
41,1,112763,5,15,1,6,1,1,1,0,0,40,1
42,1,390781,1,13,1,9,1,5,1,0,0,40,1
59,5,171328,13,6,4,3,6,5,1,0,0,30,1
19,5,27382,2,10,3,9,2,1,2,0,0,40,1
58,1,259014,2,10,3,11,4,1,2,0,0,20,1
42,2,303044,4,9,1,10,3,2,2,0,0,40,2
20,1,117789,4,9,3,3,2,1,1,0,0,40,1
32,1,172579,4,9,4,3,4,1,1,0,0,30,1
45,1,187666,7,11,4,5,4,1,1,0,0,45,1
50,1,204518,9,4,2,2,4,1,2,0,0,40,1
36,1,150042,1,13,2,6,2,1,1,0,0,40,1
45,1,98092,4,9,1,4,3,1,2,0,0,60,1
17,1,245918,3,7,3,3,2,1,2,0,0,12,1
59,1,146013,2,10,1,4,3,1,2,4064,0,40,1
26,1,378322,3,7,1,2,3,1,2,0,0,40,1
37,3,257295,2,10,1,5,3,2,2,0,0,75,34
19,0,218956,2,10,3,0,2,1,2,0,0,24,5
64,1,21174,4,9,1,5,3,1,2,0,0,40,1
33,1,185480,1,13,3,6,4,1,1,0,0,45,1
33,1,222205,4,9,1,2,1,1,1,0,0,40,1
61,1,69867,4,9,1,5,3,1,2,0,0,40,1
17,1,191260,8,5,3,3,2,1,2,1055,0,24,1
50,2,30653,11,14,1,10,3,1,2,2407,0,98,1
27,5,209109,11,14,3,6,2,1,2,0,0,35,1
30,1,70377,4,9,2,6,2,1,1,0,0,40,1
43,1,477983,4,9,1,7,3,5,2,0,0,40,1
44,1,170924,2,10,1,2,3,1,2,7298,0,40,1
35,1,190174,2,10,3,5,4,1,1,0,0,40,1
25,1,193787,2,10,3,1,2,1,1,0,0,40,1
24,1,279472,2,10,1,8,1,1,1,7298,0,48,1
22,1,34918,1,13,3,6,4,1,1,0,0,15,6
42,5,97688,2,10,1,2,3,1,2,5178,0,40,1
34,1,175413,6,12,2,4,6,5,1,0,0,45,1
60,1,173960,1,13,2,6,4,1,1,0,0,42,1
21,1,205759,4,9,3,7,2,1,2,0,0,40,1
57,4,425161,11,14,1,4,3,1,2,15024,0,40,1
41,1,220531,5,15,1,6,3,1,2,0,0,60,1
50,1,176609,2,10,2,3,4,1,2,0,0,45,1
25,1,371987,1,13,3,5,4,1,1,0,0,40,1
50,1,193884,9,4,1,2,3,1,2,0,0,40,26
36,1,200352,1,13,1,6,3,1,2,0,0,45,1
31,1,127595,4,9,2,6,4,1,1,0,0,40,1
29,5,220419,1,13,3,13,4,1,2,0,0,56,1
21,1,231931,2,10,3,4,2,1,2,0,0,45,1
27,1,248402,1,13,3,1,6,5,1,0,0,40,1
65,1,111095,4,9,1,11,3,1,2,0,0,16,1
37,3,57424,1,13,2,4,4,1,1,0,0,60,1
39,0,157443,11,14,1,0,1,2,1,3464,0,40,0
24,1,278130,4,9,3,2,2,1,2,0,0,40,1
38,1,169469,4,9,2,4,4,1,2,0,0,80,1
48,1,146268,1,13,1,9,3,1,2,7688,0,40,1
21,1,153718,2,10,3,3,4,2,1,0,0,25,1
31,1,217460,4,9,1,11,3,1,2,0,0,45,1
55,1,238638,4,9,1,4,3,1,2,4386,0,40,1
24,1,303296,2,10,1,9,1,2,1,0,0,40,25
43,1,173321,4,9,2,9,4,1,1,0,0,40,1
26,1,193945,6,12,3,1,4,1,2,0,0,45,1
46,1,83082,6,12,3,6,4,1,1,0,0,33,1
35,1,193815,6,12,1,9,3,1,2,0,0,40,1
41,3,34987,2,10,1,10,3,1,2,0,0,54,1
26,1,59306,1,13,3,4,4,1,2,0,0,40,1
34,1,142897,11,14,1,5,3,2,2,7298,0,35,27
19,0,860348,2,10,3,0,2,5,1,0,0,25,1
36,2,205607,1,13,2,6,4,5,1,0,0,40,1
22,1,199698,2,10,3,4,2,1,2,0,0,15,1
24,1,191954,2,10,3,8,4,1,2,0,0,40,1
77,2,138714,2,10,1,4,3,1,2,0,0,40,1
22,1,399087,15,3,1,8,5,1,1,0,0,40,21
29,1,423158,2,10,3,1,4,1,1,0,0,40,1
62,1,159841,4,9,4,3,4,1,1,0,0,24,1
39,2,174308,4,9,1,5,3,1,2,0,0,40,1
43,1,50356,2,10,1,2,3,1,2,0,1485,50,1
35,1,186110,4,9,2,11,4,1,2,0,0,45,1
29,1,200381,3,7,3,5,4,1,1,0,0,40,1
76,2,174309,11,14,1,2,3,1,2,0,0,10,1
63,2,78383,4,9,1,10,3,1,2,0,0,45,1
23,0,211601,7,11,3,0,2,5,1,0,0,15,1
43,1,187728,2,10,1,6,1,1,1,0,1887,50,1
58,2,321171,4,9,1,7,3,1,2,0,0,40,1
66,1,127921,4,9,3,11,4,1,2,2050,0,55,1
41,1,206565,2,10,3,2,4,5,2,0,0,45,1
26,1,224563,1,13,3,9,4,1,2,0,0,40,1
47,1,178686,7,11,3,3,4,1,2,0,0,40,1
55,5,98545,13,6,1,9,3,1,2,0,0,40,1
53,1,242606,4,9,1,11,3,1,2,0,0,40,1
17,1,270942,15,3,3,3,5,1,2,0,0,48,21
30,1,94235,4,9,3,2,5,1,2,0,0,40,1
49,1,71195,11,14,3,6,4,1,2,0,0,60,1
19,1,104112,4,9,3,4,6,5,2,0,0,30,28
45,1,261192,4,9,1,3,3,5,2,0,0,40,1
26,1,94936,6,12,3,4,4,1,2,0,0,40,1
38,1,296478,7,11,1,2,3,1,2,7298,0,40,1
36,6,119272,4,9,1,13,3,1,2,7298,0,40,1
33,1,85043,4,9,3,10,4,1,2,0,0,20,1
22,6,293364,2,10,3,13,2,5,1,0,0,40,1
43,2,241895,1,13,3,4,4,1,2,0,0,42,1
67,0,36135,3,7,1,0,3,1,2,0,0,8,1
30,0,151989,7,11,2,0,6,1,1,0,0,40,1
56,1,101128,6,12,6,3,4,1,2,0,0,25,14
31,1,156464,1,13,3,6,2,1,2,0,0,25,1
33,1,117963,1,13,1,5,3,1,2,0,0,40,1
26,1,192262,4,9,1,3,3,1,2,0,0,40,1
33,1,111363,1,13,1,5,3,1,2,0,0,40,1
46,5,329752,3,7,1,11,3,1,2,0,0,30,1
59,0,372020,1,13,1,0,3,1,2,0,0,40,1
38,4,95432,4,9,1,9,3,1,2,0,0,40,1
65,1,161400,3,7,4,3,6,4,2,0,0,40,1
40,1,96129,7,11,1,1,3,1,2,0,0,40,1
42,1,111949,4,9,1,9,1,1,1,0,0,35,1
26,2,117125,8,5,1,2,3,1,2,0,0,40,21
36,1,348022,13,6,1,3,1,1,1,0,0,24,1
62,1,270092,11,14,1,6,3,1,2,0,0,40,1
43,1,180609,1,13,1,11,3,1,2,0,0,45,1
43,1,174575,1,13,2,5,4,1,2,0,1564,45,1
22,1,410439,4,9,6,4,4,1,2,0,0,55,1
28,1,92262,4,9,1,2,3,1,2,0,0,40,1
56,2,183081,2,10,1,4,3,1,2,0,0,45,1
22,1,362589,6,12,3,4,4,1,1,0,0,15,1
57,1,212448,1,13,2,5,4,1,1,0,0,45,1
39,1,481060,4,9,2,4,6,1,1,0,0,40,1
26,4,185885,2,10,3,9,6,1,1,0,0,15,1
17,1,89821,3,7,3,3,2,1,2,0,0,10,1
40,6,184018,7,11,1,8,3,1,2,0,0,38,1
45,1,256649,4,9,1,8,3,5,2,0,0,40,1
44,1,160323,4,9,3,2,4,5,2,0,0,40,1
20,5,350845,2,10,3,9,2,1,1,0,0,10,1
33,1,267404,4,9,1,2,1,1,1,0,0,40,1
23,1,35633,2,10,3,4,4,1,2,0,0,40,1
46,2,80914,11,14,2,5,4,1,2,0,0,30,1
38,1,172927,4,9,1,4,3,1,2,0,0,50,1
54,1,174319,4,9,2,11,4,1,2,0,0,40,1
46,1,214955,15,3,2,2,4,1,1,0,2339,45,1
25,1,344991,2,10,1,2,3,1,2,0,0,40,1
46,1,108699,2,10,2,4,4,1,1,0,0,40,1
36,5,117312,2,10,1,11,1,1,1,0,0,40,1
23,1,396099,4,9,3,3,4,1,1,0,0,25,1
29,1,134152,4,9,4,8,4,1,2,0,0,40,1
44,1,162028,2,10,1,9,1,1,1,0,2415,6,1
19,1,25429,2,10,3,9,2,1,1,0,0,16,1
19,1,232392,4,9,3,3,5,1,1,0,0,40,1
35,1,220098,4,9,1,3,1,1,1,0,0,40,1
27,1,301302,1,13,3,2,4,1,2,0,0,50,1
46,2,277946,6,12,4,2,4,1,2,0,0,40,1
34,6,98101,1,13,1,5,3,1,2,7688,0,45,0
34,1,196164,4,9,3,3,4,1,1,0,0,35,1
44,1,115562,2,10,1,1,3,1,2,0,0,40,1
45,1,96975,2,10,2,7,6,1,1,0,0,40,1
20,0,137300,4,9,3,0,5,1,1,0,0,35,1
25,1,86872,1,13,1,5,3,1,2,0,0,55,1
52,3,132178,1,13,1,5,3,1,2,0,0,50,1
20,1,416103,2,10,3,7,2,1,2,0,0,40,1
28,1,108574,2,10,3,3,4,1,1,0,0,40,1
50,6,288353,1,13,1,13,3,1,2,0,0,40,1
34,1,227689,7,11,2,1,4,1,1,0,0,64,1
28,1,166481,9,4,1,7,3,4,2,0,2179,40,4
41,1,445382,11,14,1,5,3,1,2,0,1977,65,1
28,1,110145,4,9,1,9,3,1,2,0,0,40,1
46,2,317253,4,9,1,2,3,1,2,0,0,25,1
28,0,123147,2,10,1,0,1,1,1,0,1887,40,1
32,1,364657,2,10,1,5,3,1,2,0,0,50,1
41,5,42346,2,10,2,3,4,5,1,0,0,24,1
24,1,241951,4,9,3,7,6,5,1,0,0,40,1
33,1,118500,2,10,2,5,6,1,1,0,0,40,1
46,1,188386,14,16,1,5,3,1,2,15024,0,60,1
31,6,1033222,2,10,1,8,3,1,2,0,0,40,1
35,1,92440,10,8,2,2,4,1,2,0,0,50,1
52,1,190762,12,2,1,8,3,1,2,0,0,40,21
30,1,426017,3,7,3,3,2,1,1,0,0,19,1
34,5,243867,3,7,4,8,4,5,2,0,0,40,1
34,6,240283,4,9,2,11,6,1,1,0,0,40,1
20,1,61777,2,10,1,4,3,1,2,0,0,30,1
17,1,175024,3,7,3,7,2,1,2,2176,0,18,1
32,6,92003,1,13,1,5,1,1,1,0,0,40,1
29,1,188401,4,9,2,10,4,1,2,0,0,40,1
33,1,228528,13,6,3,2,6,1,1,0,0,35,1
25,1,133373,4,9,1,11,3,1,2,0,0,60,1
36,4,255191,11,14,3,6,4,1,2,0,1408,40,1
23,1,204653,4,9,3,7,4,1,2,0,0,72,24
63,3,222289,4,9,1,5,3,1,2,0,0,40,1
47,5,287480,11,14,1,6,3,1,2,0,0,40,1
80,0,107762,4,9,4,0,4,1,2,0,0,24,1
17,0,202521,3,7,3,0,2,1,2,0,0,40,1
40,2,204116,1,13,6,6,4,1,1,2174,0,40,1
30,1,29662,6,12,1,3,1,1,1,0,0,25,1
27,1,116358,2,10,3,2,2,2,2,0,1980,40,16
33,1,208405,11,14,1,6,3,1,2,0,0,50,1
34,5,284843,4,9,3,10,4,5,2,594,0,60,1
34,5,117018,2,10,3,13,4,1,1,0,0,40,1
23,1,81281,2,10,1,9,3,1,2,0,0,40,1
42,5,340148,2,10,1,9,1,1,1,0,0,40,1
29,1,363425,1,13,3,6,4,1,2,0,0,40,1
45,1,45857,4,9,2,9,4,1,1,0,0,28,1
24,4,191073,4,9,3,14,2,1,2,0,0,40,1
44,1,116632,2,10,1,6,3,1,2,0,0,40,1
27,1,405855,8,5,3,2,5,1,2,0,0,40,21
20,1,298227,2,10,3,4,4,1,2,0,0,35,1
44,1,290521,4,9,4,5,6,5,1,0,0,40,1
51,1,56915,4,9,1,2,3,3,2,0,0,40,1
20,1,146538,4,9,1,8,3,1,2,0,0,40,1
17,0,258872,3,7,3,0,2,1,1,0,0,5,1
19,1,206399,4,9,3,8,2,5,1,0,0,40,1
45,3,197332,2,10,1,2,3,1,2,0,0,55,1
60,1,245062,4,9,1,2,3,1,2,0,0,40,1
42,1,197583,6,12,1,5,3,5,2,0,0,40,0
44,2,234885,4,9,1,4,1,1,1,0,0,40,1
40,1,72887,7,11,1,8,3,2,2,0,0,40,1
30,1,180374,4,9,1,5,1,1,1,0,0,40,1
38,1,351299,2,10,1,11,3,5,2,0,0,50,1
23,1,54012,4,9,1,11,3,1,2,0,0,60,1
32,0,115745,2,10,1,0,3,1,2,0,0,40,1
44,1,116632,6,12,3,10,2,1,2,0,0,40,1
54,5,288825,4,9,1,11,3,5,2,0,0,40,1
32,1,132601,1,13,1,6,3,1,2,0,0,50,1
50,1,193374,12,2,6,2,6,1,2,0,0,40,1
24,1,170070,1,13,3,1,4,1,1,0,0,20,1
37,1,126708,4,9,1,9,1,1,1,0,0,60,1
52,1,35598,4,9,2,11,6,1,2,0,0,40,1
38,1,33983,2,10,1,11,3,1,2,0,0,40,1
49,1,192776,11,14,1,5,3,1,2,0,1977,45,1
30,1,118551,1,13,1,1,1,1,1,0,0,16,1
60,1,201965,2,10,3,6,6,1,2,0,0,40,1
22,0,139883,2,10,3,0,2,1,2,0,0,40,1
35,1,285020,4,9,3,2,4,1,2,0,0,40,1
30,1,303990,4,9,3,11,4,1,2,0,0,60,1
67,1,49401,7,11,2,3,4,1,1,0,0,24,1
46,1,279196,1,13,3,2,4,1,1,0,0,40,1
17,1,211870,8,5,3,3,4,1,2,0,0,6,1
22,1,281432,2,10,3,7,2,1,2,0,0,30,1
27,1,161155,13,6,3,3,4,1,2,0,0,40,1
23,1,197904,4,9,3,3,6,1,1,0,0,35,1
33,1,111746,6,12,1,2,3,1,2,0,0,45,21
43,2,170721,2,10,1,2,3,1,2,0,0,20,1
28,6,70100,1,13,3,6,4,1,2,0,0,20,1
41,1,193626,4,9,6,2,6,1,1,0,0,40,1
52,0,271749,10,8,3,0,5,5,2,594,0,40,1
25,1,189775,2,10,6,9,2,5,1,0,0,20,1
63,0,401531,12,2,1,0,3,1,2,0,0,35,1
59,5,286967,4,9,1,11,3,1,2,0,0,45,1
45,5,164427,1,13,2,6,6,1,1,0,0,40,1
38,1,91039,1,13,1,4,3,1,2,15024,0,60,1
40,1,347934,4,9,3,3,4,1,1,0,0,35,1
46,4,371373,4,9,2,9,4,1,2,0,0,40,1
35,1,32220,6,12,3,5,4,1,1,0,0,60,1
34,1,187251,4,9,2,6,6,1,1,0,0,25,1
33,1,178107,1,13,3,2,2,1,2,0,0,20,1
41,1,343121,4,9,2,9,6,1,1,0,0,36,1
20,1,262749,2,10,3,8,2,1,2,0,0,40,1
23,1,403107,15,3,3,3,2,1,2,0,0,40,36
26,1,64293,2,10,3,6,4,1,1,0,0,35,1
72,0,303588,4,9,1,0,3,1,2,0,0,20,1
23,5,324960,4,9,3,10,4,1,2,0,0,40,18
62,5,114060,4,9,1,11,3,1,2,0,0,40,1
52,1,48925,2,10,1,9,3,1,2,0,0,40,1
58,1,180980,2,10,2,3,6,1,1,0,0,42,23
25,1,181054,1,13,3,4,4,1,1,0,0,40,1
24,1,388093,1,13,3,5,4,5,2,0,0,40,1
19,1,249609,2,10,3,13,2,1,2,0,0,8,1
43,1,112131,2,10,1,5,3,1,2,0,0,40,1
47,5,543162,4,9,4,9,6,5,1,0,0,40,1
39,1,91996,4,9,2,3,6,1,1,0,0,40,1
49,1,141944,7,11,6,7,6,1,2,0,1380,42,1
53,0,251804,15,3,4,0,6,5,1,0,0,30,1
32,1,37070,7,11,3,2,4,1,2,0,0,45,1
34,1,337587,2,10,1,6,3,1,2,0,0,50,1
28,1,189346,4,9,2,2,4,1,2,0,0,45,1
57,0,222216,7,11,4,0,6,1,1,0,0,38,1
25,1,267044,2,10,3,9,4,3,1,0,0,20,1
20,0,214635,2,10,3,0,2,1,2,0,0,24,1
21,0,204226,2,10,3,0,6,1,1,0,0,35,1
34,1,108116,1,13,1,6,3,1,2,0,0,50,1
38,3,99146,1,13,1,5,3,1,2,15024,0,80,1
50,1,196232,4,9,1,5,3,1,2,7688,0,50,1
24,5,248344,2,10,2,7,4,5,2,0,0,50,1
37,5,186035,2,10,1,1,3,1,2,0,0,45,1
44,1,177905,2,10,2,8,6,1,2,0,0,58,1
28,1,85812,2,10,1,4,1,1,1,0,0,40,1
42,1,221172,1,13,1,5,3,1,2,0,0,40,1
74,1,99183,2,10,2,9,4,1,1,0,0,9,1
38,2,190387,4,9,1,2,3,1,2,0,0,50,1
44,2,202692,11,14,1,6,3,1,2,0,0,40,1
44,1,109339,3,7,2,8,6,4,1,0,0,46,4
26,1,108658,4,9,3,8,4,1,2,0,0,40,1
36,1,197202,4,9,1,3,3,5,2,0,0,40,1
41,1,101739,6,12,1,5,1,1,1,0,0,50,1
67,1,231559,5,15,1,6,3,1,2,20051,0,48,1
39,5,207853,10,8,1,1,3,1,2,0,0,50,1
57,1,190942,12,2,4,12,4,5,1,0,0,30,1
29,1,102345,7,11,4,2,4,1,2,0,0,40,1
31,3,41493,1,13,3,10,4,1,1,0,0,45,1
34,0,190027,4,9,3,0,6,5,1,0,0,40,1
44,1,210525,2,10,1,11,3,1,2,0,0,40,1
29,1,133937,14,16,3,6,2,1,2,0,0,40,1
30,1,237903,2,10,3,7,6,1,1,0,0,40,1
27,1,163862,4,9,3,11,4,1,2,0,0,40,1
27,1,201872,2,10,1,4,3,1,2,0,0,50,1
32,1,84179,4,9,3,7,4,1,1,0,0,45,1
58,1,51662,13,6,1,3,1,1,1,0,0,8,1
35,5,233327,2,10,1,13,3,1,2,0,0,40,1
21,1,259510,4,9,3,7,2,1,2,0,0,36,1
28,1,184831,2,10,3,2,6,1,2,0,0,40,1
46,2,245724,2,10,2,5,4,1,2,0,0,50,1
36,2,27053,4,9,4,3,6,1,1,0,0,40,1
72,1,205343,3,7,4,9,6,1,1,0,0,40,1
35,1,229328,4,9,1,8,1,5,1,0,0,40,1
33,4,319560,7,11,2,2,6,5,1,0,0,40,1
69,1,136218,3,7,3,8,4,1,1,0,0,40,1
35,1,54576,4,9,1,8,3,1,2,0,0,40,1
31,1,323069,4,9,4,9,6,1,1,0,0,20,0
34,1,148291,4,9,1,1,1,1,1,0,0,32,1
30,1,152453,3,7,1,3,3,1,2,0,0,40,21
28,1,114053,1,13,3,11,4,1,2,0,0,55,1
54,1,212960,1,13,1,4,3,1,2,0,0,35,1
47,1,264052,2,10,1,6,3,1,2,0,0,50,1
24,1,82804,4,9,3,7,6,5,1,0,0,40,1
52,2,334273,1,13,1,6,3,1,2,0,0,60,1
20,1,27337,4,9,3,7,2,3,2,0,0,48,1
43,3,188436,11,14,1,5,3,1,2,5013,0,45,1
45,1,433665,9,4,4,3,6,1,1,0,0,40,21
29,2,110663,4,9,4,2,4,1,2,0,0,35,1
47,1,87490,11,14,2,5,6,1,2,0,0,42,1
24,1,354351,4,9,3,2,2,1,2,0,0,40,1
51,1,95469,4,9,1,6,3,1,2,0,0,40,1
17,1,242718,3,7,3,4,2,1,2,0,0,12,1
37,1,22463,7,11,1,2,3,1,2,0,1977,40,1
27,1,158156,14,16,3,6,4,1,1,0,0,70,1
29,1,350162,1,13,1,5,1,1,2,0,0,40,1
18,0,165532,10,8,3,0,2,1,2,0,0,25,1
36,2,28738,6,12,2,4,6,1,1,0,0,35,1
58,5,283635,1,13,3,6,4,1,1,0,0,40,1
26,2,86646,2,10,1,2,3,1,2,0,0,45,1
65,0,195733,2,10,1,0,3,1,2,0,0,30,1
57,1,69884,4,9,1,4,3,1,2,0,0,40,1
59,1,199713,4,9,1,2,3,1,2,0,0,40,1
27,1,181659,4,9,1,8,3,1,2,0,0,40,1
31,2,340939,1,13,3,1,4,1,2,0,0,40,1
21,1,197747,2,10,3,4,2,1,1,0,0,24,1
29,1,34292,2,10,3,9,4,1,2,0,0,60,1
18,1,156764,3,7,3,3,2,1,2,0,0,40,1
52,1,25826,13,6,1,2,3,1,2,0,1887,47,1
57,3,103948,1,13,2,6,4,1,2,0,0,80,1
42,0,137390,4,9,1,0,3,1,2,0,0,40,1
55,0,105138,4,9,1,0,1,2,1,0,0,40,1
60,1,39352,9,4,3,11,4,1,2,0,0,48,1
31,1,168387,1,13,1,6,3,1,2,7688,0,40,5
23,1,117789,1,13,3,9,2,1,1,0,0,40,1
27,1,267147,4,9,3,4,2,1,2,0,0,40,1
23,0,99399,2,10,3,0,6,3,1,0,0,25,1
42,2,214242,5,15,1,6,3,1,2,0,1902,50,1
25,1,200408,2,10,3,1,4,1,2,2174,0,40,1
49,1,136455,1,13,3,6,4,1,1,0,0,45,1
32,1,239824,1,13,3,1,4,1,2,0,0,40,1
19,1,217039,2,10,3,9,2,1,2,0,0,28,1
60,1,51290,9,4,2,3,4,1,1,0,0,40,1
42,5,175674,8,5,1,3,3,1,2,0,0,40,1
35,2,194404,6,12,3,10,4,1,2,0,0,40,1
48,1,45612,4,9,3,9,6,5,1,0,0,37,1
51,1,410114,11,14,1,2,3,1,2,0,0,40,1
29,1,182521,4,9,3,2,4,3,2,0,0,40,1
36,5,339772,4,9,4,5,4,5,2,0,0,40,1
17,1,169658,13,6,3,3,2,1,1,0,0,21,1
52,1,200853,11,14,2,6,4,1,1,6849,0,60,1
24,1,247564,4,9,3,2,4,1,2,0,0,40,1
24,1,249909,4,9,1,7,3,1,2,0,0,50,1
26,5,208122,1,13,3,6,2,1,2,1055,0,40,1
27,1,109881,1,13,3,3,2,1,1,0,0,20,1
39,1,207824,4,9,3,7,2,1,2,0,0,60,1
30,1,369027,4,9,1,11,3,5,2,0,0,45,1
50,2,114117,4,9,1,5,3,1,2,0,0,32,1
52,3,51048,1,13,1,4,3,1,2,0,0,55,1
46,1,102388,5,15,1,6,3,1,2,15024,0,45,1
23,1,190483,1,13,3,4,2,1,1,0,0,20,1
45,1,462440,3,7,4,3,4,5,1,0,0,20,1
65,1,109351,8,5,4,12,6,5,1,0,0,24,1
29,1,34383,7,11,1,11,3,1,2,0,0,55,1
47,1,241832,8,5,6,7,6,1,2,0,0,40,36
30,1,124187,4,9,3,10,2,5,2,0,0,60,1
34,1,153614,4,9,1,4,3,1,2,0,0,45,1
38,2,267556,4,9,1,4,3,1,2,0,0,64,1
33,1,205469,2,10,1,5,3,1,2,0,0,40,1
49,1,268090,1,13,1,4,3,1,2,0,0,26,1
47,2,165039,2,10,3,3,6,5,1,0,0,40,1
49,5,120451,13,6,4,3,6,5,1,0,0,40,1
43,1,154374,2,10,1,2,3,1,2,15024,0,60,1
30,1,103649,1,13,1,9,1,5,1,0,0,40,1
58,2,35723,4,9,1,2,3,1,2,0,0,60,1
19,1,262601,4,9,3,3,2,1,1,0,0,14,1
21,1,226181,1,13,3,7,4,1,2,0,0,40,1
33,1,175697,1,13,1,5,3,1,2,15024,0,60,1
47,3,248145,15,3,1,11,3,1,2,0,0,50,13
52,2,289436,14,16,1,6,3,1,2,0,0,60,1
26,1,75654,4,9,2,2,4,1,2,0,0,55,1
60,1,199378,4,9,1,2,3,1,2,0,0,40,1
21,1,160968,2,10,3,7,2,1,2,0,0,40,1
36,1,188563,2,10,1,4,3,1,2,5178,0,50,1
31,1,55849,2,10,1,2,3,1,2,0,0,45,1
50,3,195322,14,16,4,6,4,1,2,0,0,40,1
31,5,402089,4,9,2,9,6,1,1,0,0,40,1
71,1,78277,4,9,1,2,3,1,2,0,0,15,1
58,0,158611,4,9,1,0,3,1,2,0,0,50,1
30,6,169496,1,13,1,1,3,1,2,0,0,40,1
20,1,130959,2,10,3,3,2,1,2,0,0,20,1
24,1,556660,4,9,3,5,5,1,2,4101,0,50,1
35,1,292472,14,16,1,6,3,2,2,0,0,40,27
38,6,143774,2,10,4,5,4,1,1,0,0,45,1
27,1,288341,4,9,3,8,2,1,1,0,0,32,1
29,6,71592,2,10,3,9,6,2,1,0,0,40,16
70,0,167358,8,5,4,0,6,1,1,1111,0,15,1
34,1,106742,4,9,1,2,3,1,2,0,0,45,1
44,1,219288,9,4,1,2,3,1,2,0,0,35,1
43,1,174524,4,9,1,8,3,1,2,0,0,40,1
44,2,335183,10,8,1,7,3,5,2,0,0,40,1
35,1,261293,11,14,3,4,4,1,2,0,0,60,1
27,1,111900,2,10,3,6,4,1,2,0,0,40,1
43,5,194360,11,14,3,6,4,1,2,0,0,38,1
20,1,81145,2,10,3,4,4,1,1,0,0,25,1
42,1,341204,6,12,2,6,6,1,1,8614,0,40,1
27,6,249362,2,10,1,11,3,1,2,3411,0,40,1
42,1,247019,4,9,1,2,3,5,2,0,0,40,1
20,0,114746,3,7,6,0,2,2,1,0,1762,40,11
24,1,172146,8,5,3,8,4,1,2,0,1721,40,1
48,4,110457,2,10,2,5,4,1,2,0,0,40,1
17,0,80077,3,7,3,0,2,1,1,0,0,20,1
17,2,368700,3,7,3,10,2,1,2,0,0,10,1
33,1,182556,1,13,1,5,3,1,2,0,0,40,1
50,3,219420,4,9,1,4,3,1,2,0,0,50,1
22,1,240817,4,9,3,4,2,1,1,2597,0,40,1
17,1,102726,10,8,3,3,2,1,2,0,0,16,1
32,1,226267,2,10,1,9,3,1,2,0,0,40,21
31,1,125457,4,9,3,2,4,1,2,0,0,45,1
58,2,204021,4,9,4,5,4,1,2,0,0,50,1
29,5,92262,4,9,3,13,2,1,2,0,0,48,1
37,1,161141,7,11,1,2,3,1,2,0,0,40,21
34,2,190290,4,9,1,2,3,1,2,0,0,40,1
23,5,430828,2,10,4,5,6,5,2,0,0,40,1
18,6,59342,3,7,3,9,2,1,1,0,0,5,1
34,1,136721,4,9,2,5,4,1,1,0,0,40,1
66,0,149422,9,4,3,0,4,1,2,0,0,4,1
45,5,86644,1,13,1,6,1,1,1,0,0,55,1
41,1,195124,11,14,3,5,4,1,2,0,0,35,24
26,1,167350,4,9,3,3,5,1,2,0,0,30,1
54,5,113000,2,10,1,10,3,1,2,0,0,40,1
24,1,140027,2,10,3,8,2,5,1,0,0,45,1
42,1,262425,2,10,1,6,3,1,2,0,0,50,1
20,1,316702,2,10,3,6,2,1,2,0,0,20,1
23,6,335453,1,13,3,1,4,1,1,0,0,20,1
25,0,202480,6,12,3,0,5,1,2,0,0,45,1
35,1,203628,11,14,3,6,4,1,2,0,0,60,1
31,1,118710,11,14,1,1,3,1,2,0,1902,40,1
30,1,189620,1,13,3,6,2,1,1,0,0,40,18
19,1,475028,4,9,3,4,2,1,1,0,0,20,1
36,5,110866,1,13,3,6,4,1,2,0,0,50,1
31,1,243605,1,13,4,4,6,1,1,0,1380,40,13
21,1,163870,2,10,3,7,2,1,2,0,0,30,1
31,2,80145,2,10,1,2,3,1,2,0,0,40,1
46,1,295566,14,16,2,6,6,1,1,25236,0,65,1
44,1,63042,1,13,2,5,2,1,1,0,0,50,1
40,1,229148,10,8,1,3,3,5,2,0,0,40,19
45,1,242552,2,10,3,4,4,5,2,0,0,40,1
60,1,177665,4,9,1,2,3,1,2,0,0,35,1
18,1,208103,3,7,3,3,5,1,2,0,0,25,1
28,1,296450,1,13,1,6,3,1,2,0,0,40,1
36,1,70282,2,10,2,9,6,5,1,0,0,40,1
36,1,271767,1,13,4,6,4,1,2,0,0,40,0
40,1,144995,7,11,1,1,3,1,2,4386,0,40,1
36,5,382635,1,13,2,9,6,1,1,0,0,35,15
31,1,295697,4,9,4,3,6,5,1,0,0,40,1
33,1,194141,4,9,1,8,3,1,2,0,0,40,1
19,6,378418,4,9,3,1,2,1,1,0,0,40,1
22,1,214399,2,10,3,4,2,1,1,0,0,15,1
34,1,217460,1,13,1,5,3,1,2,0,0,45,1
33,1,182556,4,9,3,3,4,1,2,0,0,40,1
41,1,125831,4,9,1,2,3,1,2,0,2051,60,1
29,1,271328,1,13,3,6,4,1,2,4650,0,40,1
50,5,50459,4,9,1,5,3,1,2,0,0,42,1
42,1,162140,1,13,1,5,3,1,2,7298,0,45,1
43,1,177937,1,13,3,6,4,1,2,0,0,40,0
44,1,111502,4,9,1,4,1,1,1,0,0,40,1
20,1,299047,2,10,3,3,4,1,1,0,0,20,1
31,1,223212,4,9,1,3,3,1,2,0,0,40,21
65,2,118474,3,7,1,5,3,1,2,9386,0,59,0
23,1,352139,2,10,3,3,4,1,1,0,0,24,1
55,1,173093,2,10,2,9,4,2,1,0,0,40,1
26,1,181655,7,11,1,9,3,1,2,0,2377,45,1
25,1,332702,7,11,3,3,2,1,1,0,0,15,1
45,0,51164,2,10,1,0,1,5,1,0,0,40,1
35,1,234901,2,10,1,2,3,1,2,2407,0,40,1
36,1,131414,2,10,3,4,4,5,1,0,0,36,1
43,6,260960,1,13,1,6,3,1,2,0,0,50,1
56,1,156052,4,9,4,3,6,5,1,594,0,20,1
42,1,279914,1,13,1,1,3,1,2,0,0,40,1
19,1,192453,2,10,3,3,5,1,1,0,0,25,1
55,2,200939,4,9,1,11,3,1,2,0,0,72,1
42,1,151408,11,14,3,5,4,1,1,14084,0,50,1
26,1,112847,7,11,3,1,2,1,2,0,0,40,1
17,1,316929,10,8,3,7,2,1,2,0,0,20,1
42,5,126319,1,13,1,6,1,1,1,0,0,40,1
55,1,197422,4,9,1,11,3,1,2,7688,0,40,1
32,1,267736,2,10,3,9,2,5,1,0,0,40,1
29,1,267034,3,7,3,2,2,5,2,0,0,40,28
46,6,193047,1,13,1,6,3,1,2,0,0,37,1
29,6,356089,1,13,1,5,3,1,2,7688,0,40,1
22,1,223515,1,13,3,6,6,1,2,0,0,20,1
58,2,87510,13,6,1,2,3,1,2,0,0,40,1
23,1,145111,4,9,3,11,6,1,2,0,0,50,1
39,1,48093,4,9,3,7,4,1,2,0,0,40,1
27,1,31757,7,11,3,2,2,1,2,0,0,38,1
54,1,285854,4,9,1,11,3,1,2,0,0,40,1
33,5,120064,1,13,3,6,4,1,1,0,0,45,1
46,4,167381,4,9,1,9,1,1,1,0,0,40,1
37,1,103408,4,9,3,10,4,5,2,0,0,40,1
36,1,101460,4,9,3,3,4,1,1,0,0,18,1
59,5,420537,4,9,1,9,1,1,1,0,0,38,1
34,5,119411,4,9,2,13,6,1,2,0,0,40,21
53,3,128272,14,16,1,5,3,1,2,0,0,70,1
51,1,386773,1,13,3,4,4,1,2,0,0,55,1
32,1,283268,13,6,4,3,6,1,1,0,0,42,1
31,6,301526,2,10,6,3,5,1,2,0,0,40,1
22,1,151790,2,10,1,4,1,1,1,0,0,30,6
47,2,106252,1,13,2,4,4,1,1,0,0,50,1
32,1,188557,4,9,3,8,4,1,2,0,0,40,1
26,1,171114,2,10,3,10,4,1,1,0,0,38,1
37,1,327323,15,3,4,10,4,1,2,0,0,32,31
31,1,244147,4,9,2,2,6,1,2,0,0,55,1
37,1,280282,7,11,1,1,1,1,1,0,0,24,1
55,1,116442,4,9,3,4,4,1,2,0,0,38,1
23,5,282579,7,11,2,1,4,1,2,0,0,56,1
36,1,51838,2,10,2,9,6,1,1,0,0,40,1
34,1,73585,11,14,1,6,3,1,2,0,0,40,0
43,1,226902,1,13,1,4,3,1,2,0,0,50,1
54,1,279129,2,10,3,1,4,1,2,0,0,40,1
43,6,146908,2,10,1,2,3,1,2,0,0,40,0
28,1,196690,7,11,3,8,4,1,1,0,1669,42,1
40,1,130760,7,11,1,5,3,1,2,0,0,50,1
41,2,49572,2,10,1,5,3,1,2,0,0,60,1
40,1,237601,1,13,3,4,4,4,1,0,0,55,1
42,1,169628,2,10,2,9,4,5,1,0,0,38,1
61,2,36671,4,9,1,10,3,1,2,0,2352,50,1
18,1,231193,10,8,3,8,2,1,2,0,0,30,1
59,0,192130,4,9,1,0,3,1,2,0,0,16,1
21,0,149704,4,9,3,0,4,1,1,1055,0,40,1
48,1,102102,7,11,1,1,3,1,2,0,0,50,1
41,3,32185,1,13,1,1,3,1,2,0,0,40,1
18,0,196061,2,10,3,0,2,1,2,0,0,33,1
23,1,211046,4,9,3,4,4,1,1,2463,0,40,1
60,1,31577,4,9,1,11,3,1,2,0,0,60,1
22,1,162343,2,10,3,3,5,5,2,0,0,20,1
61,1,128831,4,9,1,8,3,1,2,0,0,40,1
25,1,316688,4,9,3,8,4,5,2,0,0,40,1
46,1,90758,11,14,3,1,4,1,2,0,0,35,1
43,1,274363,1,13,1,5,3,1,2,0,1902,40,3
43,1,154538,6,12,2,2,4,1,2,0,0,40,1
24,1,106085,4,9,3,3,2,5,2,0,1721,30,1
68,2,315859,3,7,3,10,6,1,2,0,0,20,1
31,1,51471,4,9,2,9,6,1,1,0,0,38,1
17,1,193830,3,7,3,4,2,1,1,0,0,20,1
32,1,231043,4,9,1,2,3,1,2,5178,0,48,1
50,0,23780,11,14,6,0,5,1,2,0,0,40,1
33,1,169879,1,13,1,6,3,1,2,3103,0,47,1
64,1,270333,1,13,1,6,3,1,2,0,0,40,1
20,1,138768,4,9,3,11,2,1,2,0,0,30,1
30,1,191571,4,9,4,3,2,1,1,0,0,36,1
22,0,219941,2,10,3,0,2,5,2,0,0,40,1
43,1,94113,2,10,2,5,4,1,2,0,0,45,1
22,1,137510,2,10,3,9,2,1,2,0,0,40,1
17,1,32607,13,6,3,10,2,1,2,0,0,20,1
47,2,93208,4,9,1,3,1,1,1,0,0,75,17
41,1,254440,7,11,3,6,4,1,1,0,0,60,1
56,1,186556,2,10,1,2,3,1,2,0,0,50,1
64,1,169871,4,9,1,11,3,1,2,0,0,45,1
47,1,191277,4,9,1,11,3,1,2,0,0,50,1
48,1,167159,7,11,3,9,6,1,2,0,0,40,1
31,1,171871,11,14,3,6,4,1,1,0,0,46,1
29,1,154411,7,11,3,1,2,1,2,0,0,40,1
30,1,129227,4,9,4,9,4,1,1,0,0,40,1
32,1,110331,4,9,1,5,3,1,2,0,1672,60,1
57,1,34269,4,9,4,11,6,1,2,0,653,42,1
62,1,174355,4,9,4,3,4,1,1,0,0,40,1
39,1,680390,4,9,4,8,6,1,1,0,0,24,1
43,1,233130,2,10,3,9,4,1,2,0,0,25,1
24,3,165474,1,13,3,4,2,1,2,0,0,40,1
42,0,257780,3,7,1,0,3,1,2,0,0,15,1
53,1,194259,2,10,1,9,1,1,1,4386,0,40,1
26,1,280093,2,10,3,7,2,1,2,0,0,40,1
73,2,177387,4,9,1,5,3,1,2,0,0,40,1
72,0,28929,3,7,4,0,4,1,1,0,0,24,1
55,1,105304,4,9,1,8,3,1,2,0,0,40,1
25,1,499233,4,9,2,9,4,1,2,0,0,40,1
41,1,180572,1,13,2,6,4,1,1,0,0,50,1
24,1,321435,1,13,3,5,4,1,2,0,0,50,1
63,1,86108,4,9,4,10,4,1,2,0,0,6,1
17,1,198124,3,7,3,4,2,1,2,0,0,20,1
35,1,135162,2,10,1,2,3,1,2,0,0,50,1
51,1,146813,2,10,1,6,3,1,2,0,0,40,1
62,5,291175,1,13,4,6,4,1,1,0,0,48,1
55,1,387569,4,9,1,2,3,1,2,4386,0,40,1
43,1,102895,2,10,2,6,4,1,2,0,0,40,1
40,5,33274,4,9,2,3,4,1,1,0,0,50,1
37,1,86551,1,13,1,5,3,1,2,0,0,45,1
39,1,138192,1,13,1,2,3,1,2,0,0,40,1
31,1,118966,4,9,3,2,2,1,2,0,0,18,1
61,1,99784,11,14,4,6,4,1,1,0,0,40,1
26,1,90980,7,11,2,9,4,1,1,0,0,55,1
46,2,177407,4,9,1,4,3,1,2,0,0,50,1
26,1,96467,1,13,3,6,4,1,1,0,0,40,1
48,6,327886,14,16,2,6,2,1,2,0,0,50,1
34,1,111567,4,9,3,11,2,1,2,0,0,40,1
34,5,166545,4,9,3,9,2,1,1,0,0,40,1
59,1,142182,4,9,1,3,3,1,2,0,0,40,1
34,1,188798,1,13,3,6,2,1,1,0,0,40,1
49,1,38563,1,13,3,5,4,1,1,0,0,56,1
18,1,216284,3,7,3,9,2,1,1,0,0,20,1
43,1,191547,4,9,1,10,3,1,2,0,0,40,21
48,1,285335,3,7,1,5,3,1,2,0,0,50,1
28,3,142712,2,10,1,5,3,1,2,0,0,70,1
33,1,80945,4,9,1,8,3,1,2,0,0,40,1
24,1,309055,2,10,3,4,4,1,1,0,0,15,1
21,1,62339,13,6,3,7,4,1,2,0,0,40,1
17,1,368700,3,7,3,4,2,1,2,0,0,28,1
39,1,176186,2,10,1,10,3,1,2,0,0,50,1
29,2,266855,1,13,4,6,2,1,2,0,0,40,1
44,1,48087,1,13,1,5,3,1,2,0,0,40,1
24,1,121313,2,10,3,11,2,1,2,0,0,50,1
71,2,143437,11,14,1,4,3,1,2,10605,0,40,1
51,2,160724,1,13,1,4,3,2,2,0,2415,40,12
55,1,282753,15,3,2,3,6,5,2,0,0,25,1
41,1,194636,1,13,1,5,3,1,2,0,0,60,1
23,1,153044,4,9,3,7,6,5,1,0,0,7,1
38,1,411797,7,11,2,9,6,1,1,0,0,40,1
39,1,117683,4,9,1,11,3,1,2,0,0,40,1
19,1,376540,4,9,3,9,4,1,1,0,0,30,1
49,1,72393,8,5,2,8,4,1,1,0,0,40,1
32,1,270335,1,13,1,9,5,1,2,0,0,40,16
27,1,96226,4,9,1,2,3,1,2,0,0,70,1
38,1,95336,1,13,1,4,3,1,2,0,0,50,1
33,1,258498,2,10,1,2,1,1,1,0,0,60,1
63,0,149698,2,10,1,0,3,1,2,0,0,15,1
23,1,205865,1,13,3,5,2,1,2,0,0,28,1
33,3,155781,2,10,1,2,3,1,2,0,0,60,0
54,2,406468,4,9,1,4,3,5,2,0,0,40,1
29,1,177119,7,11,2,1,4,1,1,2174,0,45,1
48,0,144397,2,10,2,0,6,5,1,0,0,30,1
35,2,372525,1,13,3,5,4,1,2,0,0,40,1
28,1,164170,7,11,1,9,1,2,1,0,0,40,8
37,1,183800,1,13,1,6,3,1,2,7688,0,50,1
42,2,177307,5,15,1,10,3,1,2,0,0,65,1
40,1,170108,11,14,1,6,3,1,2,0,0,40,1
47,1,341995,2,10,2,4,2,1,2,0,0,55,1
22,1,226508,1,13,3,5,2,1,1,0,0,50,1
30,1,87418,1,13,1,5,3,1,2,0,0,45,1
28,1,109165,4,9,1,1,3,1,2,0,0,40,1
63,5,28856,9,4,1,3,3,1,2,0,0,55,1
51,2,175897,8,5,1,2,3,1,2,0,0,20,1
22,1,99697,4,9,3,7,2,1,1,0,0,40,1
27,0,90270,6,12,1,0,2,3,2,0,0,40,1
35,1,152375,4,9,3,4,4,1,2,0,0,45,1
46,1,171550,4,9,2,8,4,1,1,0,0,38,1
37,1,211154,2,10,2,8,4,1,2,0,0,52,1
24,1,202570,1,13,3,6,2,5,2,0,0,15,1
37,2,168496,4,9,2,7,2,1,2,0,0,10,1
53,1,68898,2,10,1,1,3,1,2,0,0,40,1
27,1,93235,4,9,3,4,4,1,2,0,0,30,1
38,1,278924,2,10,2,2,4,1,2,0,0,44,1
53,2,311020,13,6,1,10,3,1,2,0,0,60,1
34,1,175878,2,10,3,2,4,1,2,0,0,40,1
23,1,543028,4,9,3,4,2,5,2,0,0,40,1
39,1,202027,1,13,1,5,3,1,2,15024,0,45,1
43,1,158926,11,14,1,6,1,2,1,0,0,50,11
67,3,76860,4,9,1,5,3,2,2,0,0,40,1
81,2,136063,4,9,1,5,3,1,2,0,0,30,1
21,1,186648,2,10,3,3,2,1,2,0,0,20,1
23,1,257509,2,10,3,4,4,1,2,0,0,25,1
25,1,98155,2,10,3,11,6,1,2,0,0,40,1
42,1,274198,15,3,1,8,1,1,1,0,0,38,21
38,1,97083,2,10,1,9,1,5,1,0,0,40,1
64,0,29825,4,9,1,0,3,1,2,0,0,5,1
32,1,262153,4,9,1,8,3,1,2,0,0,40,1
37,1,214738,4,9,1,8,3,1,2,0,0,40,1
51,1,138022,11,14,1,5,3,1,2,0,0,60,1
22,1,91842,2,10,3,4,4,1,1,0,0,42,1
33,1,373662,12,2,6,12,4,1,1,0,0,40,31
42,1,162003,4,9,2,8,4,1,2,0,0,55,1
19,0,52114,2,10,3,0,2,1,1,0,0,10,1
51,5,241843,16,1,1,3,3,1,2,0,0,40,1
23,1,375871,4,9,1,9,1,1,1,0,0,40,21
37,1,186934,3,7,1,8,3,1,2,3103,0,44,1
37,1,176900,4,9,1,2,3,1,2,0,0,99,1
47,1,21906,11,14,3,6,4,1,1,0,0,25,1
41,1,132222,5,15,1,6,3,1,2,0,2415,40,1
33,1,143653,4,9,1,2,3,1,2,0,0,30,1
31,1,111567,1,13,3,4,4,1,2,0,0,40,1
31,1,78602,6,12,2,3,6,3,1,0,0,40,1
35,1,465507,4,9,1,8,3,5,2,0,0,40,1
38,3,196373,4,9,1,5,3,1,2,0,0,40,1
18,1,293227,4,9,3,3,4,1,1,0,0,45,1
20,1,241752,4,9,1,8,3,1,2,0,0,40,1
54,5,166398,2,10,2,5,6,5,1,0,0,35,1
40,1,184682,2,10,2,9,6,1,1,0,0,40,1
36,3,108293,1,13,1,5,1,1,1,0,1977,45,1
43,1,250802,2,10,2,2,6,1,2,0,0,35,1
44,2,325159,2,10,2,10,6,1,2,0,0,40,1
44,6,174675,4,9,1,6,1,1,1,0,0,40,1
43,1,227065,11,14,1,5,3,1,2,0,0,43,1
51,1,269080,9,4,4,3,6,5,1,0,0,40,1
18,1,177722,4,9,3,3,2,1,1,0,0,20,1
51,1,133461,2,10,1,5,3,1,2,0,0,40,1
41,1,239683,13,6,1,2,3,1,2,0,0,30,0
44,3,398473,2,10,1,4,3,1,2,0,0,70,1
33,5,298785,13,6,2,11,4,1,2,0,0,40,1
33,2,123424,1,13,1,5,3,1,2,0,0,40,1
42,1,176286,6,12,1,5,3,1,2,0,0,40,1
25,1,150062,2,10,1,6,3,1,2,0,0,45,1
32,1,169240,4,9,2,8,4,1,1,0,0,38,1
32,1,288273,1,13,1,2,3,1,2,0,0,70,21
36,1,526968,13,6,2,5,6,1,1,0,0,40,1
28,1,57066,4,9,1,11,3,1,2,0,0,40,1
20,1,323573,4,9,3,3,2,1,1,0,0,20,1
35,3,368825,2,10,1,4,3,1,2,0,0,60,1
55,2,189721,4,9,1,2,3,1,2,0,0,20,1
48,1,164966,1,13,1,5,3,2,2,0,0,40,8
36,0,94954,7,11,4,0,4,1,1,0,0,20,1
34,1,202046,4,9,1,2,3,1,2,0,0,35,1
28,1,161538,1,13,3,1,4,1,1,0,0,35,1
67,1,105252,1,13,4,5,4,1,2,0,2392,40,1
37,1,200153,4,9,1,2,3,1,2,0,0,40,1
44,1,32185,4,9,3,11,6,1,2,0,0,70,1
25,1,178326,2,10,3,4,4,1,1,0,0,40,1
21,1,255957,2,10,3,5,4,1,1,4101,0,40,1
40,6,188693,11,14,1,6,3,1,2,0,0,35,1
78,1,182977,4,9,4,3,4,5,1,2964,0,40,1
34,1,159929,4,9,2,7,2,1,2,0,0,40,1
49,1,123207,4,9,3,9,4,1,1,0,0,44,1
22,1,284317,6,12,3,9,4,1,1,0,0,40,1
23,0,184699,4,9,3,0,6,5,1,0,0,40,1
60,2,154474,4,9,3,10,6,1,2,0,0,42,1
45,5,318280,4,9,4,13,4,1,2,0,0,40,1
63,1,254907,7,11,2,3,4,1,1,0,0,20,1
41,1,349221,4,9,3,2,2,5,1,0,0,35,1
47,1,335973,4,9,2,9,6,1,1,0,0,40,1
44,1,126701,4,9,2,2,6,1,2,0,0,40,1
51,1,122159,2,10,4,6,4,1,1,3325,0,40,1
46,1,187370,1,13,3,4,4,1,2,0,1504,40,1
41,1,194636,7,11,1,8,3,1,2,0,0,40,1
50,2,124793,4,9,1,2,3,1,2,0,0,30,1
47,1,192835,4,9,1,9,3,1,2,0,0,50,1
35,1,290226,4,9,3,5,4,1,2,0,0,45,1
56,1,112840,4,9,1,5,3,1,2,0,0,55,1
45,1,89325,11,14,2,6,4,1,2,0,0,45,1
48,4,33109,1,13,2,5,6,1,2,0,0,58,1
40,1,82465,2,10,1,8,3,1,2,2580,0,40,1
39,3,329980,1,13,1,5,3,1,2,15024,0,50,1
20,1,148294,2,10,3,3,2,1,2,0,0,40,1
50,1,168212,14,16,1,6,3,1,2,0,1902,65,1
38,6,343642,4,9,1,6,1,1,1,0,0,40,1
23,5,115244,1,13,3,6,2,1,1,0,0,60,1
31,1,162572,4,9,3,3,2,1,2,0,0,16,1
58,1,356067,1,13,1,9,3,1,2,0,0,40,1
66,1,271567,4,9,4,8,4,5,2,0,0,40,1
39,3,180804,4,9,1,5,3,1,2,0,0,40,1
54,2,123011,4,9,1,2,3,1,2,15024,0,52,1
26,1,109186,2,10,1,4,3,1,2,0,0,50,6
51,1,220537,4,9,2,8,4,1,1,0,0,40,1
34,1,124827,7,11,3,11,2,1,2,0,0,40,1
50,1,767403,4,9,1,8,3,1,2,3103,0,40,1
42,1,118494,2,10,1,6,3,1,2,0,0,44,1
38,1,173208,11,14,1,6,3,1,2,0,0,25,1
48,1,107373,9,4,1,7,3,1,2,0,0,40,1
33,1,26973,7,11,1,1,1,1,1,0,0,40,1
51,1,191965,4,9,4,3,6,1,1,0,0,32,1
22,1,122346,4,9,2,2,4,1,2,0,0,40,1
19,0,117201,4,9,3,0,2,1,2,0,0,30,1
41,1,198316,2,10,3,2,4,1,2,0,0,50,9
48,5,123075,11,14,1,6,3,1,2,0,0,35,1
42,1,209370,4,9,4,4,4,1,1,0,0,30,1
34,1,33117,2,10,1,3,3,1,2,0,0,40,1
23,1,129042,4,9,3,8,6,5,1,0,0,40,1
56,1,169133,4,9,1,3,3,1,2,0,0,50,35
30,1,201624,1,13,3,6,4,5,2,0,0,45,0
45,1,368561,4,9,1,5,3,1,2,0,0,55,1
48,1,207848,13,6,1,9,1,1,1,0,0,40,1
48,3,138370,11,14,6,4,4,2,2,0,0,50,8
31,1,93106,7,11,3,9,4,1,1,0,0,40,1
20,6,223515,6,12,3,3,2,1,2,0,1719,20,1
27,1,389713,2,10,3,4,4,1,2,0,0,40,1
32,1,206365,4,9,3,3,4,5,1,0,0,40,1
76,0,431192,9,4,4,0,4,1,2,0,0,2,1
19,0,241616,4,9,3,0,6,1,2,0,2001,40,1
66,3,150726,8,5,1,5,3,1,2,1409,0,1,0
37,1,123785,4,9,3,3,4,1,2,0,0,75,1
34,1,289984,4,9,2,12,6,5,1,0,0,30,1
34,0,164309,3,7,1,0,1,1,1,0,0,8,1
90,1,137018,4,9,3,3,4,1,1,0,0,40,1
23,1,137994,2,10,3,8,2,5,1,0,0,40,1
43,1,341204,2,10,2,9,4,1,1,0,0,40,1
44,1,167005,1,13,1,5,3,1,2,7688,0,60,1
24,1,34446,2,10,3,1,4,1,1,0,0,37,1
28,1,187160,5,15,2,6,6,1,2,0,0,55,1
64,0,196288,6,12,3,0,4,1,1,0,0,20,1
23,1,217961,2,10,1,3,3,1,2,0,0,40,1
20,1,74631,2,10,3,4,4,1,1,0,0,50,1
36,1,156667,1,13,1,6,3,1,2,0,1902,50,1
61,1,125155,4,9,1,8,3,1,2,0,0,40,1
53,2,263925,1,13,1,4,3,1,2,0,0,40,5
30,1,296453,1,13,1,9,3,1,2,7298,0,40,1
52,2,44728,2,10,1,4,3,1,2,0,0,55,1
38,1,193026,2,10,2,2,4,1,2,0,0,40,14
32,1,87643,1,13,1,4,3,1,2,0,0,40,1
30,2,106742,10,8,1,11,3,1,2,0,0,75,1
41,1,302122,7,11,2,2,4,1,1,0,0,40,1
49,5,193960,11,14,1,6,3,1,2,0,1902,40,1
45,1,185385,4,9,1,2,3,1,2,0,0,47,1
43,2,277647,4,9,1,5,3,1,2,0,0,35,1
61,1,128848,4,9,1,8,3,1,2,3471,0,40,1
54,1,377701,4,9,1,3,3,1,2,0,0,32,21
34,1,157886,6,12,4,3,6,1,1,0,0,40,1
49,1,175958,2,10,1,4,3,1,2,0,0,80,1
38,1,223004,2,10,3,3,2,1,2,0,0,40,1
35,1,199352,5,15,1,6,3,1,2,0,1977,80,1
36,1,29984,10,8,1,11,3,1,2,0,0,40,1
30,1,181651,1,13,1,5,3,1,2,0,0,50,1
36,1,117312,6,12,2,1,4,1,1,0,0,60,1
22,5,34029,1,13,3,6,2,1,1,0,0,20,1
38,1,132879,4,9,1,2,3,1,2,0,1902,40,1
37,1,215310,4,9,1,2,3,1,2,0,0,50,1
48,6,55863,14,16,1,6,1,1,1,0,1902,46,1
17,1,220384,3,7,3,9,2,1,2,0,0,15,1
19,2,36012,2,10,3,2,2,1,2,0,0,20,1
27,1,137645,1,13,3,4,4,5,1,0,1590,40,1
22,1,191342,1,13,3,4,2,2,2,0,0,50,27
49,1,31339,4,9,1,2,3,1,2,0,0,40,1
43,6,227910,7,11,1,6,1,1,1,0,0,40,1
43,1,173728,1,13,4,6,6,1,1,0,0,40,1
19,5,167816,4,9,2,5,4,1,1,0,0,35,1
58,2,81642,4,9,1,10,3,1,2,0,0,60,1
41,5,195258,2,10,1,13,3,1,2,0,0,40,1
31,1,232475,2,10,1,9,3,1,2,0,0,40,1
30,1,241259,7,11,1,11,3,1,2,0,0,40,1
32,1,118161,4,9,1,13,3,1,2,0,0,40,1
29,1,201954,1,13,3,5,4,1,2,0,0,35,1
42,1,150533,2,10,1,5,3,1,2,7298,0,52,1
38,1,412296,4,9,2,2,2,1,2,0,0,28,1
41,4,133060,6,12,1,6,3,1,2,0,0,40,1
44,2,120539,1,13,3,4,4,1,2,0,0,50,1
31,1,196025,14,16,6,6,4,2,2,0,0,60,12
34,1,107793,4,9,2,2,4,1,2,0,0,40,1
21,1,163870,2,10,3,9,2,1,2,0,0,40,1
22,2,361280,1,13,3,6,2,2,2,0,0,20,8
62,1,92178,13,6,1,8,3,1,2,0,0,40,1
19,0,80710,4,9,3,0,2,1,1,0,0,40,1
29,3,260729,4,9,1,4,1,1,1,0,1977,25,1
43,1,182254,2,10,2,6,6,1,1,0,0,40,1
68,0,140282,9,4,1,0,3,1,2,0,0,8,1
45,3,149865,1,13,1,8,3,1,2,0,0,60,1
39,3,218184,8,5,1,5,3,1,2,0,1651,40,21
41,1,118619,1,13,1,5,3,5,2,0,0,50,1
34,2,196791,6,12,1,6,1,1,1,0,0,25,1
34,5,167999,4,9,2,9,6,1,1,0,0,33,1
31,1,51259,1,13,3,6,4,1,2,0,0,47,1
29,1,131088,4,9,3,7,2,1,2,0,0,25,1
41,1,118212,1,13,1,2,3,1,2,3103,0,40,1
41,1,293791,7,11,1,11,3,1,2,0,0,55,1
35,3,289430,11,14,1,4,3,1,2,0,0,45,21
33,1,35378,1,13,1,4,1,1,1,0,0,45,1
37,6,60227,1,13,3,9,4,1,2,0,0,38,1
69,1,168139,4,9,1,4,1,1,1,0,0,40,1
34,1,290763,4,9,2,7,2,1,1,0,0,40,1
60,3,226355,7,11,1,8,3,1,2,0,2415,70,0
36,1,51100,2,10,1,2,3,1,2,0,0,40,1
41,1,227644,4,9,1,11,3,1,2,0,0,50,1
58,5,205267,1,13,1,6,1,1,1,0,0,40,1
53,1,288020,1,13,1,6,3,2,2,0,0,40,9
29,1,140863,2,10,1,1,3,1,2,0,0,40,1
45,4,170915,4,9,2,1,4,1,1,4865,0,40,1
34,6,50178,2,10,1,5,3,1,2,0,0,38,1
36,1,112497,1,13,1,1,3,1,2,0,0,40,1
48,1,95244,2,10,2,3,6,5,1,0,0,35,1
20,1,117606,7,11,3,9,2,1,1,0,0,40,1
35,1,89508,4,9,1,11,3,1,2,0,0,50,1
63,4,124244,4,9,4,7,4,5,2,0,0,40,1
41,2,154374,2,10,2,3,6,1,2,0,0,45,1
28,1,294936,1,13,1,6,3,1,2,0,0,45,1
30,1,347132,2,10,3,8,4,5,1,0,0,40,1
34,0,181934,4,9,2,0,4,1,1,0,0,40,1
31,1,316672,4,9,3,3,6,1,1,0,0,40,21
37,1,189382,7,11,3,9,2,1,1,0,0,38,1
42,0,184018,2,10,2,0,6,1,2,0,0,40,1
31,1,184307,2,10,1,5,3,1,2,0,0,50,19
46,2,246212,11,14,1,5,3,1,2,0,0,45,1
35,4,250504,4,9,1,9,3,5,2,0,0,60,1
27,1,138705,4,9,1,2,3,1,2,0,0,53,1
41,1,328447,12,2,1,2,3,1,2,0,0,35,21
19,1,194608,2,10,3,3,2,1,1,0,0,20,1
20,1,230891,2,10,3,4,4,1,2,0,0,45,1
59,4,212448,4,9,4,4,6,1,1,0,0,40,6
40,1,214010,1,13,3,3,4,1,2,0,0,37,1
56,2,200235,2,10,1,4,3,1,2,0,0,60,1
33,1,354573,11,14,1,6,3,1,2,15024,0,44,1
30,3,205733,2,10,3,5,4,1,1,0,0,60,1
46,1,185041,4,9,1,8,3,1,2,0,0,50,1
61,3,84409,4,9,1,5,3,1,2,0,0,35,1
50,3,293196,4,9,1,5,3,1,2,7298,0,40,1
25,1,241626,4,9,3,3,2,1,2,0,0,30,1
40,1,520586,2,10,2,9,6,1,1,0,0,39,1
24,0,35633,2,10,3,0,4,1,2,0,0,40,0
51,1,302847,4,9,1,2,3,1,2,0,0,54,1
43,6,165309,4,9,1,13,3,1,2,0,0,40,1
34,1,117529,2,10,1,10,3,1,2,0,0,54,21
46,1,106092,4,9,1,5,3,1,2,0,0,45,1
28,6,445824,11,14,1,6,1,1,1,0,0,50,1
26,1,227332,1,13,3,11,6,2,2,0,0,40,0
20,1,275691,4,9,3,7,2,1,2,0,0,28,1
44,1,193459,7,11,1,2,3,1,2,3411,0,40,1
51,1,284329,4,9,4,11,6,1,2,0,0,40,1
33,1,114691,1,13,1,4,3,1,2,0,0,60,1
54,1,96062,6,12,1,1,3,1,2,0,0,40,1
50,1,133963,1,13,1,6,1,1,1,0,1977,40,1
33,1,178506,4,9,2,9,4,5,1,0,0,40,1
65,1,350498,1,13,1,9,3,1,2,10605,0,20,1
22,0,131573,2,10,3,0,2,1,1,0,0,8,1
88,2,206291,5,15,1,6,3,1,2,0,0,40,1
40,1,182302,4,9,2,11,4,1,2,0,0,40,1
51,1,241346,4,9,2,9,4,1,1,0,0,43,1
50,1,157043,3,7,2,3,4,5,1,0,0,40,1
25,1,404616,11,14,1,10,4,1,2,0,0,99,1
20,1,411862,7,11,3,3,4,1,2,0,0,30,1
47,1,183013,4,9,1,3,3,1,2,0,0,40,1
58,0,169982,2,10,1,0,3,1,2,0,0,40,1
22,1,188544,7,11,3,9,2,1,1,0,0,30,1
50,6,356619,4,9,1,6,3,1,2,0,0,48,1
47,1,45857,4,9,3,9,6,1,1,0,0,40,1
24,5,289886,3,7,3,3,4,2,2,0,0,45,1
50,0,146015,4,9,1,0,3,1,2,0,0,40,1
40,1,216237,1,13,2,5,4,1,1,0,0,45,1
36,1,416745,1,13,1,6,3,1,2,0,0,40,1
32,1,202952,4,9,1,9,3,1,2,0,0,40,1
44,1,167725,4,9,1,2,3,1,2,0,0,40,1
51,0,165637,11,14,1,0,3,1,2,0,0,40,1
59,4,43280,2,10,3,5,2,5,1,0,0,40,1
65,1,118779,4,9,1,2,3,1,2,0,0,30,1
24,6,191269,1,13,3,9,4,1,1,0,0,65,1
27,5,247507,1,13,3,6,2,1,2,0,0,35,1
51,1,239155,7,11,2,3,4,1,2,0,0,40,1
48,1,182862,2,10,1,2,3,1,2,0,0,40,1
39,1,33886,4,9,1,11,3,1,2,0,0,60,1
28,1,444304,1,13,1,1,3,1,2,0,0,40,1
19,1,187161,2,10,3,3,2,1,1,0,0,25,1
49,5,116892,1,13,2,6,4,5,1,0,0,40,1
51,5,176813,6,12,1,6,3,1,2,0,0,60,1
59,1,151616,11,14,1,6,3,1,2,0,0,55,1
18,1,240747,4,9,3,8,2,1,1,0,0,40,24
50,1,75472,4,9,1,2,3,1,2,4386,0,40,0
45,4,320818,4,9,1,9,3,5,2,0,0,80,1
30,5,235271,1,13,1,6,3,1,2,0,0,50,1
37,1,166497,1,13,2,2,4,1,2,0,0,35,1
44,1,344060,1,13,3,3,4,1,2,0,0,40,1
33,1,221196,2,10,1,2,3,5,2,0,0,40,1
61,3,113544,11,14,1,4,3,1,2,0,0,40,1
61,5,321117,4,9,1,13,3,1,2,0,0,40,1
38,1,79619,1,13,1,4,3,1,2,0,0,42,1
22,0,42004,2,10,3,0,2,1,2,0,0,30,1
36,1,135289,4,9,1,8,3,1,2,0,0,45,1
44,3,320984,2,10,1,4,3,1,2,5178,0,60,1
37,1,203070,2,10,4,9,2,1,2,0,0,62,1
31,1,32406,2,10,2,2,6,1,1,0,0,20,1
54,1,99185,14,16,1,6,3,1,2,15024,0,45,1
20,1,205839,2,10,3,3,2,1,2,0,0,16,1
63,0,150389,1,13,4,0,4,1,1,0,0,40,1
48,2,243631,2,10,1,2,3,3,2,7688,0,40,1
33,0,163003,4,9,2,0,4,2,1,0,0,41,12
31,1,231263,1,13,2,5,4,1,2,4650,0,45,1
38,1,200818,5,15,1,6,3,1,2,0,0,40,1
45,2,247379,4,9,1,2,3,1,2,0,0,40,1
48,1,349151,4,9,1,2,3,1,2,0,0,40,1
53,1,22154,2,10,1,2,3,1,2,0,0,40,1
55,1,176317,4,9,4,9,2,1,1,0,0,40,1
38,1,22245,11,14,1,11,3,1,2,0,0,72,0
29,1,236436,4,9,3,9,4,1,1,0,0,40,1
36,1,354078,1,13,1,6,3,1,2,0,0,60,1
42,2,166813,2,10,1,10,3,1,2,0,0,60,1
50,1,358740,4,9,2,9,6,1,1,0,0,40,3
75,2,208426,5,15,1,6,3,1,2,0,0,35,1
46,1,265266,1,13,1,6,3,1,2,0,1902,40,1
52,4,31838,4,9,2,9,6,1,1,0,0,40,1
27,1,175034,1,13,3,9,4,1,1,0,0,40,1
43,1,413297,4,9,1,2,3,1,2,0,0,45,1
31,1,106347,3,7,4,3,4,5,1,0,0,42,1
23,1,174754,2,10,3,4,4,1,1,0,0,30,1
34,1,441454,4,9,3,4,4,1,1,0,0,24,1
41,2,209344,4,9,1,4,5,1,1,0,0,40,13
31,1,185732,4,9,3,3,2,1,1,0,0,30,1
42,1,65372,2,10,3,9,2,1,1,0,0,40,1
35,1,33975,11,14,3,6,4,1,2,0,0,45,1
55,1,326297,4,9,4,9,4,1,1,0,0,25,1
36,6,194630,4,9,4,5,4,1,1,0,0,40,1
65,2,167414,4,9,1,5,3,1,2,0,0,59,1
38,5,165799,2,10,3,3,4,1,2,0,0,12,1
62,1,192866,2,10,4,3,4,1,1,0,0,20,1
54,3,166459,5,15,1,6,3,1,2,99999,0,60,1
49,1,148995,4,9,2,9,4,1,2,0,0,40,1
34,1,190040,4,9,1,9,1,1,1,0,0,40,1
32,1,209432,4,9,3,7,2,1,1,0,0,40,1
51,3,229465,11,14,1,5,3,1,2,15024,0,50,1
48,2,397466,2,10,1,5,3,1,2,0,0,60,1
30,1,283767,4,9,1,9,3,1,2,0,0,40,0
52,4,202452,4,9,2,9,4,1,1,0,0,43,1
28,2,218555,2,10,3,11,4,1,2,0,1762,40,1
29,1,128604,4,9,1,2,3,2,2,0,0,40,1
38,1,65466,1,13,3,9,4,1,1,0,0,50,1
57,1,141326,4,9,1,4,3,1,2,0,0,50,1
43,4,369468,1,13,1,6,3,1,2,0,0,40,1
37,6,136137,2,10,4,9,4,1,2,0,0,40,1
30,1,236770,4,9,1,2,3,1,2,0,0,40,1
53,1,89534,4,9,1,11,3,1,2,0,0,48,1
69,0,195779,7,11,4,0,4,1,1,0,0,1,1
73,1,29778,4,9,4,3,4,1,1,0,0,37,1
22,3,153516,2,10,3,2,2,1,2,0,0,35,1
31,1,163594,4,9,3,4,4,1,1,0,0,45,1
38,1,189623,1,13,1,6,3,1,2,0,1887,40,1
50,2,343748,2,10,1,2,3,1,2,0,0,35,1
37,1,387430,2,10,1,9,3,1,2,0,0,37,1
44,5,409505,1,13,2,13,4,1,2,0,0,40,1
47,1,200734,1,13,3,5,6,5,1,0,0,45,1
27,1,115831,2,10,1,3,3,1,2,0,0,40,1
28,1,150296,6,12,3,3,4,1,1,0,0,80,1
25,1,323545,4,9,3,1,4,5,1,0,0,40,1
20,1,232577,2,10,3,3,6,1,1,0,0,40,1
51,5,152754,1,13,1,9,3,1,2,0,0,40,1
46,1,129007,1,13,1,4,3,1,2,0,1977,40,1
67,1,171584,1,13,1,13,3,1,2,6514,0,7,1
47,1,386136,4,9,1,11,3,1,2,0,0,35,1
42,1,342865,4,9,1,4,3,1,2,0,0,40,1
52,1,186785,4,9,3,4,4,1,2,0,1876,50,1
42,4,158926,6,12,2,6,6,2,1,0,0,40,16
65,0,36039,4,9,1,0,3,1,2,0,0,40,1
21,1,164019,2,10,3,10,2,5,2,0,0,10,1
50,1,88926,4,9,1,9,1,1,1,5178,0,40,1
46,1,188861,2,10,1,11,3,1,2,0,0,40,1
47,2,370119,1,13,1,4,3,1,2,15024,0,50,1
57,1,182062,13,6,1,3,3,1,2,0,0,40,1
37,1,37238,1,13,3,5,4,1,2,0,0,45,1
50,1,421132,4,9,1,2,3,1,2,0,0,40,1
58,0,178660,10,8,1,0,3,1,2,0,0,40,1
63,2,795830,12,2,4,3,6,1,1,0,0,30,36
39,1,278403,4,9,1,11,3,1,2,0,0,65,1
46,1,279661,11,14,1,6,3,5,2,0,0,35,1
36,1,113397,4,9,1,7,3,1,2,0,0,40,1
26,1,280093,15,3,1,2,3,1,2,0,1628,50,1
21,1,236696,2,10,3,3,4,1,2,0,0,57,1
41,1,265266,6,12,1,1,3,1,2,0,0,40,1
44,5,34935,2,10,3,3,2,5,2,0,0,40,1
22,1,58222,4,9,1,2,3,1,2,0,0,40,1
29,4,301010,2,10,3,14,4,5,2,0,0,60,1
29,1,419721,4,9,3,3,6,5,1,0,0,40,9
58,3,186791,2,10,1,11,1,1,1,0,0,40,1
36,2,180686,5,15,1,6,3,1,2,0,0,50,1
30,1,209103,7,11,1,5,3,1,2,0,0,48,1
37,1,32668,1,13,1,8,3,1,2,0,0,43,1
29,1,256956,7,11,3,8,4,1,2,0,0,40,1
26,1,202203,15,3,3,9,2,1,1,0,0,40,21
43,1,85995,4,9,1,4,3,1,2,0,0,45,1
49,1,125421,4,9,1,2,1,1,1,0,0,40,1
45,4,283037,1,13,1,5,3,1,2,0,0,40,1
28,1,192932,1,13,3,6,4,1,1,0,0,40,1
20,0,244689,2,10,3,0,4,1,1,0,0,25,1
51,1,179646,4,9,2,9,6,1,1,0,0,40,1
32,1,509350,2,10,1,7,3,1,2,0,0,50,5
24,1,96279,4,9,3,8,2,1,1,0,0,40,1
35,1,119098,14,16,1,6,3,1,2,7298,0,40,1
35,0,327120,6,12,3,0,4,1,2,0,0,55,1
41,6,144928,1,13,1,6,3,1,2,0,0,40,1
48,1,55237,1,13,1,2,3,1,2,0,0,45,1
61,5,101265,4,9,4,9,6,1,1,1471,0,35,1
20,1,114874,2,10,3,9,2,1,2,0,0,30,1
27,1,190525,4,9,3,4,4,1,2,0,0,50,1
55,1,121912,2,10,1,11,3,1,2,0,0,24,1
39,1,83893,4,9,1,9,3,1,2,0,0,40,1
17,0,138507,13,6,3,0,2,1,2,0,0,20,1
47,1,256522,4,9,1,7,3,1,2,0,0,40,0
52,1,168381,4,9,4,3,6,2,1,0,0,40,8
24,1,293579,4,9,3,4,2,5,1,0,0,20,1
29,1,285290,3,7,3,3,6,5,1,0,0,40,1
25,1,188488,4,9,3,8,5,1,2,0,0,40,1
20,1,324469,2,10,3,8,4,1,1,0,0,40,1
23,1,275244,4,9,3,8,4,5,2,0,0,35,1
57,1,265099,5,15,1,6,3,1,2,0,0,60,1
51,1,146767,7,11,1,6,3,1,2,0,0,40,1
33,1,40681,2,10,3,6,4,1,1,3674,0,16,1
39,1,174938,1,13,3,6,4,1,2,0,0,40,1
40,1,240124,4,9,1,5,3,1,2,0,0,40,1
71,1,269708,1,13,2,1,2,1,1,2329,0,16,1
38,6,34180,2,10,1,5,3,1,2,0,0,40,1
28,6,225904,5,15,3,6,6,1,2,0,0,40,1
57,1,89392,11,14,6,6,4,1,1,0,0,40,1
47,1,46857,2,10,2,9,4,1,2,0,0,40,1
59,6,105363,4,9,3,9,2,1,2,0,0,40,1
26,1,195105,4,9,3,4,4,4,2,0,0,40,1
35,1,184117,1,13,3,9,2,1,1,0,0,40,1
61,3,134768,1,13,1,5,3,1,2,0,0,50,6
17,0,145886,3,7,3,0,2,1,1,0,0,30,1
36,1,153078,1,13,1,5,3,2,2,0,0,60,0
62,0,225652,9,4,1,0,3,1,2,3411,0,50,1
34,1,467108,2,10,3,6,4,1,2,0,0,50,1
32,3,199765,1,13,1,2,3,1,2,7688,0,50,1
42,1,173938,4,9,4,4,2,1,1,0,0,40,1
39,1,191161,2,10,1,2,3,1,2,0,0,40,1
58,1,132606,15,3,2,8,4,5,2,0,0,40,1
61,2,30073,4,9,1,10,3,1,2,0,1848,60,1
40,1,155190,13,6,3,2,5,5,2,0,0,55,1
31,1,42900,1,13,3,1,4,1,2,0,0,37,1
36,1,191161,4,9,3,4,4,1,2,0,0,50,1
23,1,181820,2,10,3,8,2,1,2,0,0,40,1
33,1,105974,4,9,3,2,4,1,2,0,0,41,1
52,1,146378,4,9,1,2,3,1,2,0,0,40,1
22,1,103440,4,9,3,3,4,1,1,0,0,24,1
51,1,203435,2,10,2,4,6,1,1,0,0,40,17
31,4,168312,7,11,3,5,4,1,1,0,0,40,1
49,3,257764,4,9,2,5,6,1,1,0,0,40,1
49,1,171301,4,9,1,8,1,5,1,0,0,40,1
53,4,225339,2,10,4,9,4,5,1,0,0,40,1
52,1,152234,4,9,1,5,3,2,2,99999,0,40,9
20,1,444554,13,6,3,7,2,1,2,0,0,40,1
26,1,403788,6,12,3,3,2,5,2,0,0,40,1
61,0,190997,4,9,1,0,3,1,2,0,0,6,1
43,1,221550,11,14,3,3,4,1,1,0,0,30,18
46,3,98929,1,13,1,4,3,1,2,0,0,52,1
43,5,169203,7,11,3,9,4,1,1,0,0,35,1
41,1,102332,4,9,2,4,6,5,1,0,0,40,1
44,2,230684,4,9,1,11,3,1,2,0,0,55,1
54,1,449257,4,9,1,10,3,1,2,0,0,40,1
65,1,198766,11,14,1,4,3,1,2,20051,0,40,1
32,1,97429,1,13,2,5,6,1,1,0,0,40,5
25,1,208999,2,10,4,9,2,1,2,0,0,40,1
23,1,37072,1,13,3,4,4,1,2,0,0,50,1
25,5,163101,1,13,3,6,4,1,2,0,0,45,1
19,1,119075,2,10,3,7,2,1,2,0,0,50,1
37,2,137314,4,9,1,5,3,1,2,0,0,60,1
45,1,127303,2,10,3,8,2,1,2,0,0,45,1
37,1,349116,4,9,3,4,4,5,2,0,0,44,1
40,2,266324,2,10,2,5,5,1,2,0,1564,70,14
19,0,194095,2,10,3,0,2,1,2,0,0,40,1
17,1,46496,3,7,3,3,2,1,2,0,0,5,1
27,1,29904,1,13,3,1,4,1,1,0,0,40,1
40,5,289403,9,4,1,2,3,5,2,0,1887,40,0
59,1,226922,4,9,2,4,6,1,1,0,1762,30,1
19,4,234151,4,9,3,9,6,5,1,0,0,40,1
43,1,238287,13,6,3,8,4,5,2,0,0,40,1
42,1,230624,13,6,3,11,6,1,2,0,0,40,1
54,1,398212,4,9,1,11,3,5,2,5013,0,40,1
54,2,114758,11,14,1,4,3,1,2,0,0,50,1
51,1,246519,13,6,1,7,3,1,2,2105,0,45,1
50,1,137815,4,9,1,11,3,1,2,0,0,60,1
40,1,260696,4,9,3,9,4,1,1,0,0,40,1
55,1,325007,6,12,1,1,3,1,2,0,0,25,1
50,1,113176,4,9,2,9,4,1,1,0,0,40,1
31,1,66815,4,9,1,2,3,1,2,0,0,50,1
42,0,51795,4,9,2,0,6,5,1,0,0,32,1
24,1,241523,4,9,1,3,3,1,2,0,0,45,1
30,1,30226,3,7,2,4,2,1,2,0,0,40,1
39,5,352628,6,12,1,2,1,1,1,0,0,50,1
37,1,143912,4,9,2,11,4,1,2,0,0,50,1
33,1,130021,4,9,1,11,3,1,2,0,0,40,1
48,1,329778,4,9,4,3,6,1,1,0,0,40,1
43,3,196945,4,9,1,3,3,2,2,0,0,78,34
39,1,24342,1,13,1,6,3,1,2,0,0,40,1
53,1,34368,2,10,1,5,3,1,2,0,0,45,1
52,2,173839,13,6,1,5,3,1,2,0,0,60,1
28,6,73211,2,10,1,9,3,2,2,0,0,20,1
32,1,86723,4,9,3,3,4,1,2,0,0,52,1
31,1,179186,1,13,1,4,3,5,2,0,0,90,1
31,1,127610,1,13,1,6,1,1,1,0,0,40,1
47,1,115070,2,10,3,9,4,1,1,0,0,40,1
19,0,172582,2,10,3,0,2,1,2,0,0,50,1
40,1,256202,7,11,1,7,3,5,2,0,0,40,1
40,1,202872,6,12,3,9,2,1,1,0,0,45,1
41,1,184102,3,7,2,3,4,1,2,0,0,40,1
53,4,130703,4,9,1,9,3,5,2,0,0,40,1
46,1,134727,3,7,2,8,6,3,2,0,0,43,6
45,3,36228,1,13,1,10,3,1,2,4386,0,35,1
39,1,297847,8,5,1,3,1,5,1,3411,0,34,1
19,1,213644,4,9,3,8,4,1,2,0,0,40,1
57,1,173796,4,9,1,11,3,1,2,0,1887,40,1
49,1,147322,7,11,1,8,1,1,1,0,0,40,38
59,1,296253,4,9,2,5,4,1,1,0,0,40,1
32,1,180871,7,11,2,4,4,1,2,0,0,50,1
18,0,169882,2,10,3,0,2,1,1,594,0,15,1
35,6,211115,2,10,3,13,4,5,2,0,0,40,1
58,3,183870,13,6,1,11,1,1,1,0,0,40,1
28,1,441620,1,13,3,3,4,1,2,0,0,43,21
36,4,218542,6,12,1,9,1,1,1,0,0,40,1
41,2,141327,11,14,2,6,6,1,1,0,0,35,1
47,1,67716,4,9,1,4,3,1,2,0,0,40,1
50,3,175339,4,9,1,2,3,1,2,0,1672,60,1
61,0,347089,4,9,1,0,3,1,2,0,0,16,1
36,1,336595,4,9,1,5,3,1,2,0,0,50,1
38,1,27997,7,11,2,2,4,1,2,0,0,40,1
56,2,145574,4,9,1,3,3,1,2,0,1902,60,1
50,1,30447,7,11,1,11,3,1,2,0,0,45,1
45,2,256866,2,10,1,4,3,1,2,5013,0,40,1
44,2,120837,4,9,1,5,3,1,2,0,0,66,1
51,1,185283,2,10,1,5,3,1,2,0,0,45,1
44,3,229466,2,10,1,5,3,1,2,0,0,50,1
25,1,298225,4,9,2,2,4,1,2,0,0,50,1
60,1,185749,3,7,4,11,6,5,2,0,0,40,1
17,0,333100,13,6,3,0,2,1,2,1055,0,30,1
49,3,125892,11,14,1,5,3,1,2,0,0,50,1
46,1,563883,4,9,1,2,3,5,2,0,0,60,1
56,1,311249,4,9,4,9,6,5,1,0,0,38,1
25,1,221757,4,9,2,2,4,1,2,3325,0,45,1
22,1,310152,2,10,3,11,4,1,2,0,0,40,1
76,0,211453,4,9,4,0,4,5,1,0,0,2,1
41,3,94113,5,15,1,6,3,1,2,0,0,60,1
48,3,192945,4,9,1,5,3,1,2,7688,0,40,1
46,1,161508,13,6,3,8,4,5,2,0,0,40,1
30,1,177675,2,10,3,2,4,1,2,0,0,40,1
39,1,51100,4,9,1,11,3,1,2,0,0,40,1
40,1,100584,13,6,2,2,4,3,2,0,0,40,1
70,4,163003,4,9,1,9,3,5,2,0,0,40,1
35,1,67728,2,10,1,2,3,1,2,0,2051,45,1
49,1,101320,11,14,2,5,4,1,1,0,0,75,1
24,1,42706,7,11,3,13,4,1,2,0,0,60,1
40,1,228535,6,12,1,6,3,1,2,7298,0,36,1
61,1,120939,5,15,1,11,3,1,2,0,0,5,1
25,1,98283,1,13,3,6,2,2,2,0,0,40,1
28,5,216481,1,13,3,6,4,1,1,0,0,40,1
69,6,208869,11,14,1,6,3,1,2,0,0,11,1
22,1,207940,2,10,3,7,2,1,1,0,0,36,1
47,1,34248,4,9,1,9,3,1,2,0,0,38,1
38,1,83727,4,9,2,3,6,1,1,0,0,48,1
26,1,183077,7,11,3,9,2,1,1,0,0,40,1
17,1,197850,3,7,3,9,2,2,1,0,0,24,1
33,2,235271,2,10,3,3,4,1,2,0,0,35,1
43,2,35236,4,9,6,2,4,1,2,0,0,40,1
58,1,255822,7,11,1,2,3,1,2,0,0,40,1
53,3,263925,4,9,1,4,3,1,2,99999,0,40,1
26,1,256263,4,9,3,2,4,1,2,0,0,25,1
43,5,293535,1,13,1,6,3,5,2,0,0,40,1
31,1,209448,13,6,1,10,3,1,2,2105,0,40,21
30,1,57651,4,9,3,9,6,1,2,0,2001,42,1
25,1,174592,4,9,3,3,2,1,1,0,0,25,1
57,4,278763,4,9,2,9,6,1,1,0,0,40,1
37,1,175232,11,14,2,5,6,1,2,0,0,60,1
32,1,402812,2,10,1,4,3,1,2,0,0,48,1
26,1,101150,4,9,2,5,4,1,1,0,0,41,1
45,1,103538,4,9,1,9,3,1,2,0,0,40,1
53,6,156877,4,9,1,9,3,1,2,15024,0,35,1
27,1,23940,4,9,3,7,5,3,2,0,0,40,1
28,3,210295,3,7,1,2,3,1,2,0,0,50,1
32,1,80058,3,7,2,4,4,1,2,0,0,43,1
35,1,187119,1,13,2,4,4,1,1,0,1980,65,1
36,2,105021,2,10,1,5,3,1,2,0,0,55,1
19,1,225775,2,10,3,9,4,1,2,0,0,40,1
37,3,395831,1,13,1,5,3,1,2,0,0,80,1
49,1,50282,2,10,2,8,4,1,2,3325,0,45,1
20,1,32732,2,10,3,3,4,1,2,0,0,45,1
64,3,179436,1,13,1,5,3,1,2,15024,0,55,1
60,0,290593,11,14,1,0,3,1,2,0,0,40,1
32,1,123253,6,12,1,2,3,1,2,0,0,42,1
58,6,48433,4,9,1,5,3,1,2,0,0,40,1
42,1,245317,4,9,1,4,3,1,2,0,0,50,1
20,1,431745,2,10,3,9,4,5,1,0,0,14,1
42,6,436006,2,10,1,9,3,5,2,0,0,40,1
25,1,224943,2,10,6,6,6,5,2,0,0,40,1
30,2,167990,7,11,1,6,3,1,2,15024,0,65,1
37,3,217054,1,13,1,6,3,1,2,0,0,35,1
66,2,298834,7,11,1,6,3,1,2,0,0,50,1
59,3,125000,1,13,1,5,3,1,2,0,0,40,3
44,1,123983,1,13,2,3,4,2,2,0,0,40,12
46,1,155489,4,9,1,9,3,1,2,0,0,58,1
59,1,284834,1,13,1,9,1,1,1,2885,0,30,1
25,1,212495,1,13,3,5,2,1,2,0,1340,40,1
17,5,32124,8,5,3,3,2,5,2,0,0,9,1
47,5,246891,1,13,1,13,3,1,2,0,0,40,1
47,6,141483,8,5,2,3,4,1,1,0,0,40,1
30,1,31985,2,10,2,5,6,1,1,0,0,40,1
20,1,170800,2,10,3,10,2,1,1,0,0,40,1
26,5,166295,1,13,3,6,4,1,2,0,2339,55,1
20,1,231286,2,10,3,7,4,5,2,0,0,15,1
33,1,159322,4,9,2,3,6,1,2,0,0,40,1
48,1,176026,4,9,1,8,3,1,2,0,0,40,1
52,1,118025,1,13,1,5,3,1,2,99999,0,50,1
37,1,26898,4,9,2,5,6,1,1,0,0,12,1
47,1,232628,4,9,1,2,3,5,2,0,0,40,1
40,1,85995,13,6,1,8,3,1,2,0,0,40,1
48,1,125421,11,14,2,5,6,1,1,0,0,40,1
49,1,245305,13,6,1,11,3,5,2,0,0,42,1
50,1,73493,2,10,2,3,4,1,1,0,0,40,1
30,1,197058,6,12,3,6,4,1,1,0,0,40,1
34,1,122116,2,10,1,5,3,1,2,0,0,40,1
43,1,75742,4,9,1,8,3,1,2,0,0,40,1
22,1,214731,13,6,1,8,1,1,1,0,0,40,1
35,1,265954,4,9,4,3,4,5,2,0,0,40,1
26,6,197156,4,9,2,9,2,1,1,0,0,30,1
62,1,162245,5,15,1,6,3,1,2,0,1628,70,1
39,5,203070,4,9,4,13,4,1,2,0,0,40,1
59,5,165695,2,10,1,2,3,1,2,0,0,40,1
69,0,473040,15,3,2,0,4,1,2,0,0,40,1
27,1,168107,1,13,1,2,3,1,2,0,0,40,1
17,1,163494,13,6,3,4,2,1,2,0,0,30,1
38,1,180342,1,13,1,9,3,1,2,0,0,40,1
41,1,122381,2,10,1,2,3,1,2,0,1887,50,1
27,1,148069,13,6,3,8,6,1,1,0,0,40,1
23,1,200973,4,9,3,9,2,1,1,0,0,40,1
17,1,130806,13,6,3,7,2,1,2,0,0,24,1
56,1,117148,9,4,2,8,4,1,1,0,0,40,1
24,1,213977,2,10,3,9,4,1,1,0,0,40,1
62,1,134768,14,16,1,6,3,1,2,7688,0,40,0
44,1,139338,10,8,2,11,6,5,2,0,0,40,1
23,1,315877,1,13,3,9,4,1,2,0,0,30,1
41,2,195124,4,9,3,4,4,1,2,0,0,50,0
25,1,352057,4,9,3,11,4,1,2,0,0,65,1
21,1,236684,2,10,3,3,5,5,1,0,0,8,1
18,1,208447,10,8,3,7,2,1,2,0,0,6,1
45,1,149640,2,10,1,2,3,1,2,0,0,40,1
75,0,111177,1,13,4,0,4,1,1,25124,0,16,1
51,1,154342,9,4,1,13,3,1,2,0,0,40,1
42,4,141459,4,9,4,3,5,5,1,0,0,40,1
47,1,111797,2,10,3,3,4,5,1,0,0,35,7
29,1,111900,2,10,1,10,3,1,2,0,0,40,1
33,1,78707,3,7,3,3,4,5,2,0,0,40,1
43,5,160574,1,13,1,2,3,1,2,0,0,40,1
20,0,174714,2,10,3,0,2,1,2,0,0,16,1
19,0,62534,1,13,3,0,2,5,1,0,0,40,19
44,1,216907,6,12,1,2,3,1,2,0,1848,40,1
24,1,198148,2,10,3,3,2,1,2,0,0,30,1
19,1,124265,2,10,3,7,2,1,2,0,0,40,1
49,0,261059,13,6,4,0,2,1,2,2176,0,40,1
52,1,208137,7,11,1,9,3,1,2,0,0,40,1
38,2,257250,4,9,3,10,4,1,2,0,0,52,1
24,6,147253,2,10,3,1,4,1,2,0,0,50,1
32,5,244268,1,13,3,6,4,1,2,0,0,50,1
72,0,213255,4,9,4,0,4,1,1,0,0,8,1
26,1,266912,4,9,1,4,3,1,2,0,0,50,1
31,1,169104,1,13,3,4,2,2,2,0,0,40,0
29,1,200511,1,13,1,4,3,1,2,0,0,50,1
39,1,128715,4,9,2,9,4,1,2,10520,0,40,1
48,2,65535,4,9,1,10,3,1,2,0,0,50,1
40,1,103395,2,10,1,2,3,1,2,0,0,45,1
51,1,71046,2,10,2,5,6,1,2,0,0,45,33
28,2,125442,4,9,2,2,2,1,2,0,0,40,1
22,1,169188,4,9,3,5,2,1,1,0,0,20,1
23,1,121471,1,13,3,9,4,1,1,0,0,40,1
65,1,207281,2,10,1,13,3,1,2,0,0,16,1
26,5,46097,1,13,1,6,3,1,2,0,0,40,1
20,0,206671,2,10,3,0,2,1,2,1055,0,50,1
55,1,98361,11,14,1,6,3,1,2,15024,0,50,0
38,2,322143,1,13,1,3,3,1,2,0,0,10,1
33,1,149184,4,9,3,6,4,1,2,0,0,60,1
33,5,119829,4,9,1,9,1,1,1,0,0,60,1
37,1,910398,1,13,3,4,4,5,1,0,0,40,1
19,1,176570,3,7,3,8,2,1,2,0,0,60,1
24,1,216129,1,13,3,4,4,1,2,0,0,50,1
30,1,27207,3,7,1,2,3,1,2,0,0,45,1
57,6,68830,4,9,2,5,4,1,1,0,0,50,1
22,6,178818,2,10,3,6,2,1,1,0,0,20,1
57,1,236944,4,9,1,8,3,5,2,0,0,40,1
46,6,273771,4,9,1,1,3,1,2,0,0,40,1
67,1,318533,4,9,1,9,3,1,2,0,0,35,1
35,0,451940,4,9,3,0,6,5,1,0,0,40,1
47,1,102318,4,9,4,2,2,1,2,0,0,40,1
39,1,379350,13,6,1,2,3,1,2,0,0,40,1
50,1,21095,2,10,2,3,6,2,2,0,0,40,16
58,2,211547,10,8,2,4,4,1,1,0,0,52,1
36,1,85272,6,12,1,6,1,1,1,0,0,30,1
45,1,46406,11,14,1,6,3,1,2,0,0,36,3
54,1,53833,4,9,1,8,3,1,2,0,0,40,1
26,1,161007,1,13,3,9,2,1,2,0,0,30,1
60,1,53707,4,9,1,6,3,1,2,0,0,40,1
46,1,370119,5,15,1,6,3,1,2,99999,0,60,1
26,1,310907,2,10,1,5,1,1,1,0,0,35,1
32,1,375833,3,7,3,2,5,1,2,0,0,40,1
38,5,107513,4,9,1,11,3,1,2,0,0,40,1
48,2,58683,2,10,1,4,3,1,2,0,0,70,1
44,2,179557,4,9,1,5,3,1,2,0,1977,45,1
37,1,70240,4,9,3,3,2,2,1,0,0,40,16
44,1,147206,2,10,1,5,3,1,2,0,0,40,1
31,1,175548,4,9,3,3,4,4,1,0,0,35,1
61,2,163174,5,15,1,6,3,1,2,0,0,35,1
51,1,126010,4,9,1,2,3,1,2,0,0,40,1
52,1,147876,1,13,1,4,1,1,1,15024,0,60,1
45,1,428350,4,9,1,8,1,1,1,0,1740,40,1
36,0,200904,6,12,1,0,1,5,1,0,0,21,28
39,1,328466,3,7,1,3,3,1,2,2407,0,70,21
67,5,258973,4,9,2,3,4,1,1,0,0,24,1
40,6,345969,6,12,1,9,3,1,2,0,0,40,1
27,1,127796,15,3,3,10,4,1,2,0,0,35,21
37,1,405723,12,2,1,8,3,1,2,0,0,40,21
57,1,175942,2,10,1,5,3,1,2,0,0,50,1
27,1,284196,13,6,2,3,4,1,1,0,0,40,1
28,1,89718,4,9,3,4,4,1,1,2202,0,48,1
34,3,175761,1,13,1,6,3,1,2,0,0,60,1
54,1,206369,4,9,1,8,3,1,2,5178,0,50,1
52,1,158993,4,9,2,3,5,5,1,0,0,38,1
42,1,285066,1,13,1,6,3,1,2,0,0,45,1
48,1,126754,11,14,1,6,3,1,2,15024,0,40,1
65,6,209280,11,14,1,6,3,1,2,6514,0,35,1
55,2,52888,5,15,1,6,1,1,1,0,0,10,1
71,3,133821,4,9,1,9,1,1,1,0,0,20,1
33,1,240763,2,10,1,8,3,5,2,0,0,40,1
30,1,39054,4,9,1,4,3,1,2,0,0,40,1
35,1,119272,1,13,1,5,3,1,2,0,0,55,1
59,1,143372,13,6,2,9,4,5,1,0,0,40,1
19,1,323421,2,10,3,7,2,1,2,0,0,20,1
36,2,136028,8,5,1,2,3,1,2,0,0,30,1
26,2,163189,4,9,3,4,2,1,2,0,0,40,1
34,5,202729,4,9,1,13,3,1,2,0,0,40,1
41,1,421871,4,9,1,2,3,5,2,0,0,40,1
44,1,120277,1,13,1,6,3,1,2,15024,0,50,17
26,0,211798,4,9,4,0,6,1,1,0,0,40,1
47,1,198901,4,9,1,2,3,1,2,0,0,48,1
18,1,214617,2,10,3,4,2,1,2,0,0,16,1
55,2,179715,13,6,1,2,3,1,2,0,0,18,1
49,5,107231,4,9,1,2,3,1,2,0,2002,40,1
44,1,110355,1,13,1,5,3,1,2,0,0,40,1
43,1,184378,1,13,3,6,4,1,2,0,0,40,1
62,1,273454,9,4,1,13,3,1,2,0,0,40,13
44,1,443040,4,9,1,7,3,5,2,0,0,40,1
39,0,71701,4,9,2,0,6,1,1,0,0,40,1
50,3,160151,2,10,1,4,3,1,2,0,0,60,1
35,1,107991,3,7,3,4,4,1,2,0,0,45,1
52,1,94391,4,9,1,9,3,1,2,0,0,40,1
46,1,99835,5,15,1,6,3,1,2,0,0,60,1
44,1,43711,6,12,1,4,3,1,2,7688,0,40,1
43,1,83756,2,10,3,5,6,1,2,0,0,50,1
51,1,120914,9,4,1,2,3,1,2,2961,0,40,1
20,1,180052,2,10,3,4,2,1,2,0,0,20,1
47,1,170846,6,12,1,9,1,1,1,0,0,40,17
43,1,37937,11,14,2,5,6,1,2,0,0,50,1
64,0,168340,4,9,1,0,3,1,2,0,0,40,0
24,1,38455,2,10,3,2,4,1,2,0,0,40,1
27,4,128059,2,10,1,2,3,1,2,0,0,50,1
32,1,420895,4,9,1,11,3,1,2,0,0,40,1
37,1,166744,4,9,2,3,6,1,1,0,0,12,1
26,1,238768,4,9,1,8,3,1,2,0,0,60,1
43,1,176270,1,13,1,5,3,1,2,99999,0,60,1
50,1,140592,4,9,1,8,1,1,1,0,0,40,1
20,2,211466,4,9,3,11,2,1,2,0,0,80,1
37,1,188540,4,9,1,5,3,1,2,0,1902,45,1
43,1,39581,4,9,3,3,4,5,1,0,0,45,1
37,1,171150,4,9,1,5,3,1,2,0,1887,50,1
53,1,117496,8,5,2,3,4,1,1,0,0,36,5
44,1,145160,14,16,1,6,3,1,2,0,0,40,1
25,1,28520,4,9,3,3,4,1,1,0,0,40,1
17,1,103851,3,7,3,9,2,1,1,1055,0,20,1
19,1,375077,4,9,3,4,2,1,2,0,0,50,1
53,6,281590,4,9,1,5,1,1,1,15024,0,40,1
44,1,151504,2,10,1,4,3,1,2,0,0,50,1
51,1,415287,4,9,1,8,3,5,2,0,1902,40,1
49,1,32212,4,9,1,5,1,1,1,0,0,43,1
35,1,123606,2,10,1,7,3,1,2,0,0,40,1
44,1,202565,4,9,2,2,4,1,2,0,0,45,1
54,1,177927,11,14,1,6,3,1,2,0,0,60,1
37,1,256723,2,10,2,9,6,5,1,0,0,35,1
18,1,46247,2,10,3,3,2,1,1,0,0,15,1
24,1,266926,2,10,1,7,3,1,2,0,0,40,1
29,1,112031,4,9,2,2,4,1,1,0,0,50,1
22,0,376277,2,10,2,0,4,1,1,0,0,35,1
35,1,168817,4,9,3,8,4,1,2,0,0,40,1
56,1,187487,4,9,1,2,3,1,2,0,0,48,1
32,0,158784,9,4,4,0,4,1,1,0,0,40,1
24,1,67222,1,13,3,8,4,2,2,0,0,45,12
43,1,201723,11,14,1,5,3,1,2,0,1902,40,1
73,1,267408,4,9,4,4,5,1,1,0,0,15,1
47,4,168191,2,10,1,2,3,1,2,0,0,40,0
49,1,105444,10,8,1,8,3,1,2,0,0,39,1
38,1,156728,1,13,1,4,3,1,2,0,0,40,1
31,1,148600,4,9,1,8,3,5,2,0,0,40,1
39,1,19914,2,10,2,9,6,3,1,0,0,40,1
42,1,190767,1,13,2,9,4,1,1,0,0,40,1
41,1,233955,11,14,1,6,3,2,2,0,0,45,12
35,1,30381,1,13,1,4,3,1,2,0,0,45,1
38,1,187069,4,9,1,11,3,1,2,0,0,45,1
31,1,367314,4,9,2,9,4,1,1,0,0,40,1
51,5,101119,4,9,1,13,3,1,2,0,0,70,1
38,1,86551,1,13,2,4,4,1,2,0,0,48,1
40,5,218995,2,10,1,5,3,1,2,0,0,42,1
21,1,57711,4,9,3,3,4,1,1,0,0,30,1
44,1,303521,2,10,2,2,4,1,2,0,0,40,1
55,1,199067,4,9,1,2,3,1,2,0,0,40,1
29,1,247445,4,9,2,4,4,1,2,0,0,45,1
49,1,186078,11,14,1,6,1,1,1,0,0,50,1
31,1,77634,7,11,1,3,3,1,2,0,0,42,1
24,1,180060,11,14,3,5,2,1,2,6849,0,90,1
46,1,56482,2,10,3,5,4,5,2,0,0,40,1
26,1,314177,4,9,3,4,4,5,2,0,0,40,1
35,1,239755,1,13,3,3,4,1,2,0,0,38,1
27,1,377680,7,11,3,4,4,1,2,0,0,50,1
64,2,134960,1,13,1,5,3,1,2,15024,0,35,1
26,1,294493,1,13,3,2,5,1,2,0,0,40,1
21,1,32616,4,9,3,3,4,1,1,0,1719,16,1
45,1,182655,1,13,2,3,4,1,2,0,0,45,0
57,5,52267,4,9,1,11,3,1,2,0,0,72,1
30,1,117963,1,13,1,9,3,1,2,0,0,40,1
45,1,98881,3,7,1,3,1,1,1,0,0,32,1
50,1,196963,9,4,2,2,4,1,1,0,0,30,1
38,1,166988,1,13,3,9,2,1,1,0,0,40,1
43,2,193459,2,10,1,2,3,1,2,0,0,60,1
42,1,182342,2,10,4,5,4,1,1,0,0,55,1
32,1,496743,1,13,3,6,2,1,2,0,0,40,1
20,1,154781,4,9,3,9,4,1,1,0,0,40,1
27,1,219371,4,9,3,3,4,1,1,0,0,35,1
45,1,99179,3,7,4,9,6,1,1,0,0,40,1
40,1,224910,4,9,3,8,4,1,1,0,0,40,1
38,1,304651,4,9,2,11,4,1,2,0,0,60,1
37,1,349689,4,9,2,9,6,1,1,0,0,40,1
60,1,106850,13,6,2,8,4,1,1,0,0,40,1
53,2,196328,4,9,1,5,3,5,2,0,0,45,1
25,1,169323,1,13,1,5,2,1,1,0,0,40,1
47,2,162924,1,13,2,5,4,2,2,0,0,60,9
40,2,34037,4,9,3,10,4,1,2,0,0,70,1
51,0,167651,4,9,1,0,3,1,2,0,0,40,1
19,1,197384,2,10,3,3,2,1,1,0,0,10,1
42,1,251795,2,10,1,6,1,1,1,0,0,50,1
65,0,266081,4,9,1,0,3,1,2,0,0,40,1
41,1,165309,1,13,2,9,6,1,1,0,0,40,1
28,1,215873,13,6,3,8,2,5,2,0,0,45,1
46,1,133938,11,14,2,5,4,1,1,27828,0,50,1
49,1,159816,1,13,1,6,1,1,1,99999,0,20,1
24,1,228424,4,9,3,7,5,5,2,0,0,40,1
32,1,195576,3,7,1,8,3,1,2,0,0,40,1
71,1,105200,4,9,1,13,3,1,2,6767,0,20,1
26,1,167350,2,10,1,1,3,1,2,3103,0,40,1
29,1,52199,4,9,6,13,4,1,2,0,0,40,1
50,1,171338,2,10,1,5,3,1,2,99999,0,50,1
51,1,120173,7,11,1,2,3,1,2,3103,0,50,1
17,0,158762,13,6,3,0,2,1,1,0,0,20,1
49,1,169818,4,9,1,3,1,5,1,0,0,40,1
31,1,288419,13,6,1,8,3,1,2,0,0,40,1
23,1,207546,3,7,1,8,3,1,2,0,0,40,1
59,5,147707,4,9,4,10,6,1,2,0,2339,40,1
17,0,228373,13,6,3,0,2,1,2,0,0,30,1
43,1,193882,2,10,1,4,3,1,2,7688,0,40,1
38,1,31033,1,13,1,4,3,1,2,7298,0,40,1
37,1,272950,4,9,1,5,3,1,2,0,0,40,1
29,1,183523,13,6,3,3,2,1,2,0,0,40,1
39,1,238415,1,13,1,5,3,1,2,0,0,50,1
31,1,19302,6,12,3,9,4,1,2,2202,0,38,1
42,5,339671,1,13,6,6,4,1,1,8614,0,45,1
35,5,103260,11,14,1,6,1,1,1,0,0,35,1
39,1,79331,11,14,1,5,3,2,2,15024,0,40,1
40,1,135056,6,12,2,9,6,1,1,0,0,40,1
66,1,142723,15,3,6,7,6,1,1,0,0,40,4
30,4,188569,8,5,1,1,3,1,2,0,0,40,1
43,1,57322,6,12,2,2,4,1,2,0,0,40,1
47,1,178309,8,5,3,3,6,1,1,0,0,50,1
45,1,166107,11,14,3,9,4,2,1,0,0,40,16
31,1,53042,2,10,1,8,3,5,2,0,0,40,37
33,1,155343,4,9,1,4,3,1,2,3103,0,40,1
32,1,35595,1,13,3,9,4,1,2,0,0,40,1
28,1,429507,6,12,1,7,3,5,2,0,0,40,1
50,4,159670,4,9,1,9,3,1,2,0,0,40,1
63,1,151210,9,4,2,4,4,1,1,0,0,40,1
28,1,186792,1,13,1,9,3,1,2,0,0,40,1
38,1,204640,2,10,4,9,6,5,1,0,0,40,1
52,1,87205,4,9,2,3,4,1,1,0,0,38,1
38,3,112847,5,15,1,6,3,2,2,0,0,40,1
41,1,107306,4,9,3,5,4,1,2,2174,0,40,1
50,6,211319,11,14,3,6,4,1,2,0,0,38,1
59,1,183606,3,7,1,8,3,1,2,0,0,40,1
32,1,205390,4,9,1,4,3,1,2,0,0,49,1
73,5,232871,9,4,1,13,3,1,2,2228,0,10,1
52,3,101017,4,9,2,5,6,1,2,0,0,38,1
57,1,114495,4,9,1,5,3,1,2,0,0,60,1
35,1,183898,7,11,1,5,3,1,2,7298,0,50,1
51,1,163921,1,13,1,11,3,1,2,0,0,56,1
22,1,311764,3,7,4,4,2,5,1,0,0,35,1
49,1,188330,4,9,1,4,3,1,2,0,0,40,1
22,1,267174,4,9,3,7,2,5,2,0,0,40,1
46,5,36228,4,9,1,2,3,1,2,0,1902,40,1
48,1,199739,4,9,2,2,6,1,1,0,0,40,1
52,1,185407,4,9,1,2,3,1,2,0,0,40,0
43,6,206139,1,13,1,9,3,1,2,0,0,50,1
25,1,282063,9,4,1,7,3,1,2,0,0,40,21
31,1,332379,9,4,3,2,4,1,2,0,0,40,1
19,1,418324,2,10,3,4,2,1,2,0,0,36,1
19,0,263338,2,10,3,0,2,1,2,0,0,45,1
51,1,158948,4,9,1,11,3,1,2,0,0,84,1
51,1,221532,1,13,2,5,6,1,2,0,0,40,1
22,2,202920,4,9,3,6,6,1,1,99999,0,40,24
37,5,118909,4,9,2,9,6,5,1,0,0,35,1
19,1,286469,2,10,3,4,2,1,1,0,0,30,1
45,1,191914,4,9,2,11,6,1,1,0,0,55,1
21,6,142766,2,10,3,3,2,1,2,0,0,10,1
52,1,198744,4,9,4,4,4,1,1,0,0,40,1
46,5,272780,2,10,1,6,3,1,2,0,0,24,1
42,6,219553,11,14,2,6,4,1,1,0,0,38,1
56,1,261232,4,9,3,2,4,1,2,0,0,40,1
23,1,64292,4,9,3,9,4,1,1,0,0,40,1
58,1,312131,11,14,1,4,3,1,2,0,0,40,1
70,1,30713,4,9,1,10,3,1,2,0,0,30,1
30,1,246439,2,10,2,9,6,1,2,0,0,40,1
45,1,338105,1,13,1,9,3,2,2,0,0,40,16
23,1,228243,2,10,3,2,4,1,2,0,0,44,1
34,5,62463,2,10,1,11,3,1,2,0,1579,40,1
38,1,31603,1,13,1,2,1,1,1,0,0,40,1
24,1,165054,7,11,1,2,3,1,2,0,0,40,1
53,1,121618,9,4,3,11,4,3,2,0,0,40,1
45,4,273194,4,9,3,11,4,5,2,3325,0,40,1
21,0,163665,2,10,3,0,2,1,1,0,0,40,1
21,1,538319,2,10,3,3,2,1,1,0,0,40,4
34,1,238246,1,13,3,6,4,1,1,0,0,40,1
32,3,244665,4,9,1,2,3,1,2,5178,0,45,1
21,1,131811,4,9,1,7,3,1,2,0,0,40,1
63,0,231777,11,14,1,0,3,1,2,0,0,30,1
23,1,156807,8,5,3,7,2,5,2,0,0,36,1
28,1,236861,1,13,2,2,6,1,2,0,0,50,1
29,2,229842,4,9,3,11,6,5,2,0,0,45,1
25,5,190057,1,13,3,6,2,1,1,0,0,40,1
44,6,55076,11,14,3,6,4,1,1,0,0,60,1
18,1,152545,4,9,3,3,2,1,1,0,0,8,1
26,1,153434,4,9,3,3,2,1,2,0,0,24,1
47,5,171095,6,12,1,9,1,1,1,0,0,35,1
23,1,239322,4,9,2,4,4,1,2,0,0,40,1
46,1,138999,2,10,1,8,3,1,2,0,0,40,1
61,5,95450,1,13,1,5,3,1,2,5178,0,50,1
25,1,176520,4,9,3,2,5,1,2,0,0,40,1
38,5,72338,4,9,1,13,3,2,2,0,0,54,1
60,0,386261,1,13,6,0,6,5,1,0,0,15,1
23,1,235722,2,10,3,3,4,1,2,0,0,20,1
36,4,128884,4,9,2,9,4,1,1,0,0,48,1
46,1,187226,8,5,2,3,4,1,2,0,0,25,1
32,2,298332,1,13,1,6,3,1,2,0,0,45,1
40,1,173607,13,6,1,11,3,1,2,0,0,40,1
31,1,226756,4,9,3,9,2,5,2,0,0,40,1
31,1,157887,2,10,1,5,3,1,2,0,0,65,1
32,6,171111,1,13,3,9,4,1,2,0,0,37,1
21,1,126314,2,10,3,3,2,1,2,0,0,10,1
63,1,174018,2,10,1,4,3,5,2,0,0,40,1
44,1,144778,2,10,4,5,4,1,2,0,0,45,1
42,2,201522,1,13,1,4,3,1,2,0,0,60,1
23,0,22966,1,13,3,0,2,1,2,0,0,35,1
30,1,399088,2,10,2,9,4,1,1,0,0,45,1
24,1,282202,4,9,3,3,6,1,2,0,0,40,36
42,1,102606,1,13,1,1,3,1,2,0,0,40,1
44,2,246862,4,9,1,6,1,1,1,0,0,40,17
27,4,508336,1,13,3,5,4,5,2,0,0,48,1
27,5,263431,2,10,3,5,6,1,2,0,0,40,1
22,1,235733,4,9,3,3,4,1,1,0,0,45,1
68,1,107910,4,9,3,4,4,1,1,0,0,40,1
55,2,184425,2,10,1,10,3,1,2,0,0,99,1
22,2,143062,4,9,3,3,2,1,2,0,0,40,10
25,1,199545,2,10,1,5,1,1,1,0,0,15,1
68,2,197015,4,9,1,10,3,1,2,0,0,45,1
62,1,149617,2,10,4,5,4,1,1,0,0,16,1
26,1,33610,4,9,2,3,5,1,2,0,0,40,1
34,1,192002,11,14,1,6,3,1,2,0,0,55,1
68,1,67791,2,10,4,4,4,1,2,0,0,40,1
42,5,445382,1,13,4,5,4,1,2,0,0,45,1
45,1,112283,1,13,1,4,3,1,2,0,0,55,1
26,1,157249,3,7,3,11,4,1,2,0,0,40,1
25,1,109872,4,9,1,8,3,1,2,0,0,45,1
23,1,119838,1,13,3,6,2,1,2,0,0,50,1
29,1,149943,2,10,3,3,4,4,2,0,1590,40,0
65,7,27012,9,4,4,10,6,1,1,0,0,50,1
31,1,91666,4,9,3,11,4,1,2,0,0,50,1
26,1,270276,4,9,3,9,4,1,1,0,0,40,1
39,1,179271,2,10,1,2,3,1,2,0,0,50,1
44,1,161819,4,9,1,8,3,1,2,0,0,40,1
45,5,339681,11,14,2,6,6,1,1,1506,0,45,1
26,2,219897,11,14,3,6,4,1,1,0,0,50,1
26,1,91683,13,6,1,11,3,1,2,0,0,35,1
36,1,188834,8,5,1,11,3,1,2,0,0,50,1
38,1,187046,3,7,1,2,3,1,2,0,0,45,1
39,1,191807,4,9,3,8,6,1,2,0,0,48,1
52,3,179951,5,15,1,5,3,1,2,0,0,40,1
39,1,324420,12,2,1,2,3,1,2,0,0,45,21
41,2,66632,2,10,2,2,4,1,2,0,0,40,1
42,5,121718,11,14,1,5,3,1,2,0,1902,60,1
47,1,162034,1,13,1,4,3,1,2,0,0,70,1
28,5,218990,7,11,1,13,3,5,2,0,0,46,1
25,5,125863,1,13,3,6,2,1,2,0,0,35,1
35,1,225330,1,13,3,9,4,1,1,0,0,40,1
32,1,120426,4,9,4,9,6,1,1,0,0,40,1
38,1,119741,11,14,1,2,3,5,2,0,0,40,1
44,1,32000,2,10,1,1,3,1,2,0,0,18,1
21,0,124242,2,10,3,0,2,1,1,0,0,40,1
27,1,278581,1,13,3,4,2,1,1,0,0,40,1
30,1,230224,1,13,3,5,4,1,2,0,0,55,1
30,1,204374,1,13,3,4,4,1,2,0,1741,48,1
45,1,188386,4,9,1,7,3,1,2,0,1628,45,1
20,1,164922,4,9,3,2,2,1,2,0,0,40,1
57,1,195176,11,14,3,6,4,1,2,0,0,80,1
43,1,166740,2,10,2,9,4,1,2,0,0,48,1
50,0,156008,3,7,1,0,2,5,1,0,0,40,1
28,1,162551,9,4,1,8,5,2,1,0,0,48,12
25,1,211231,4,9,1,1,5,1,1,0,0,48,1
25,1,169990,4,9,1,4,3,1,2,0,0,40,1
90,1,221832,1,13,1,5,3,1,2,0,0,45,1
38,5,255454,1,13,4,6,6,5,2,0,0,40,1
35,1,28160,1,13,6,5,6,1,1,0,0,40,1
50,6,159219,1,13,1,5,3,1,2,0,0,40,5
26,5,103148,4,9,3,9,4,1,1,0,0,40,1
39,1,165186,2,10,1,10,3,1,2,0,0,45,1
56,1,31782,13,6,1,4,3,1,2,0,0,40,1
24,5,249101,4,9,2,13,6,5,1,0,0,40,1
46,1,243190,4,9,1,9,1,1,1,7688,0,40,1
18,5,153405,3,7,3,9,5,1,1,0,0,25,1
37,1,329980,11,14,1,5,3,1,2,0,2415,60,1
57,1,176079,11,14,2,6,4,1,1,0,0,40,1
43,6,218542,4,9,3,9,6,5,1,0,0,40,1
29,6,303446,1,13,1,6,3,1,2,0,0,25,32
40,1,102606,11,14,1,5,3,1,2,0,0,40,1
44,2,483201,1,13,1,5,3,1,2,0,0,40,1
77,5,144608,4,9,1,5,3,1,2,0,0,6,1
30,1,226013,1,13,3,6,4,5,2,0,0,40,1
21,1,165475,4,9,1,8,3,1,2,0,0,40,1
66,1,263637,13,6,1,13,3,1,2,0,0,40,1
40,1,201495,3,7,3,11,2,1,2,0,0,35,1
68,1,213720,4,9,1,4,3,1,2,0,0,40,1
64,1,170483,4,9,4,3,4,1,1,0,0,38,1
26,1,214303,1,13,3,6,4,1,1,0,0,50,1
32,1,190511,2,10,1,5,3,1,2,0,0,40,1
32,1,242150,4,9,3,9,2,1,2,0,0,38,1
51,5,159755,11,14,1,6,3,1,2,0,0,40,1
50,1,147629,11,14,1,6,3,1,2,15024,0,45,1
49,1,268022,1,13,1,4,3,1,2,0,0,50,1
28,1,188711,1,13,3,11,6,1,2,0,0,20,1
29,1,452205,4,9,2,3,6,1,1,0,0,36,1
21,1,260847,2,10,3,4,2,1,2,0,0,30,1
28,1,291374,4,9,3,9,6,5,1,0,0,40,1
55,1,189933,13,6,1,2,3,1,2,0,0,40,1
45,2,133969,4,9,1,4,3,2,2,0,0,50,11
35,1,330664,2,10,3,4,4,1,2,0,0,40,1
31,0,672412,3,7,4,0,4,5,2,0,0,40,1
26,1,122999,11,14,3,6,4,1,2,8614,0,40,1
30,1,111415,4,9,1,3,3,1,2,0,0,55,6
33,1,217235,4,9,1,4,3,1,2,0,0,20,1
40,1,121956,1,13,6,6,4,2,2,13550,0,40,2
23,1,120172,1,13,3,5,4,1,2,0,0,40,1
35,1,343403,2,10,3,4,4,1,1,0,0,40,1
48,2,104790,3,7,1,10,3,1,2,0,0,50,1
39,5,473547,13,6,2,7,2,5,2,0,0,40,1
53,5,260106,5,15,2,6,4,1,1,0,0,50,1
49,4,168232,4,9,1,9,3,1,2,0,0,40,1
31,1,348491,1,13,3,5,4,5,1,0,0,40,1
36,1,24106,4,9,1,2,3,1,2,3103,0,40,1
60,3,197553,2,10,1,5,3,1,2,7688,0,50,1
29,1,421065,4,9,3,8,4,1,2,0,0,48,1
54,3,138852,2,10,1,4,3,1,2,0,0,45,1
28,0,169631,6,12,7,0,1,1,1,0,0,3,1
34,1,379412,4,9,1,2,3,1,2,0,0,50,1
30,1,181992,2,10,3,4,4,5,1,0,0,35,1
19,1,365640,4,9,3,12,4,1,1,0,0,45,0
26,1,236564,4,9,3,7,4,1,2,0,0,40,1
47,1,363418,2,10,3,4,4,1,2,0,0,70,1
50,1,112351,4,9,2,5,6,1,2,0,0,38,1
30,1,204704,1,13,3,5,6,1,1,0,0,45,1
44,1,54611,2,10,2,8,4,1,2,0,0,50,1
49,1,128132,4,9,1,4,3,1,2,0,0,60,1
75,2,30599,11,14,6,6,4,1,1,0,0,50,1
37,1,379522,1,13,1,4,3,1,2,0,0,55,1
51,6,196504,4,9,2,2,6,1,2,0,0,38,1
